use Karaoke4T

go
INSERT [dbo].[KhachHang] ([maKH],[CMND] ,[gioiTinh], [tenKH], [SDT], [diaChi]) VALUES (N'KHAA001',N'123456789' ,N'Nam', N'BuiMinh',N'0945601318',N'Xã Đông Hiệp, Huyện Cờ Đỏ,Thành phố Cần Thơ ')
INSERT [dbo].[KhachHang] ([maKH],[CMND] ,[gioiTinh], [tenKH], [SDT], [diaChi]) VALUES (N'KHAA002',N'123456789' ,N'Nam', N'HaHuyHoang',N'0857526421',N'Xã Đông Hiệp, Huyện Cờ Đỏ,Thành phố Cần Thơ ')
INSERT [dbo].[KhachHang] ([maKH],[CMND] ,[gioiTinh], [tenKH], [SDT], [diaChi]) VALUES (N'KHAA003',N'123456789' ,N'Nam', N'Hà Huy Hoàng',N'0857363523',N'Xã Đông Hiệp, Huyện Cờ Đỏ,Thành phố Cần Thơ ')
INSERT [dbo].[KhachHang] ([maKH],[CMND] ,[gioiTinh], [tenKH], [SDT], [diaChi]) VALUES (N'KHAA004',N'123456789' ,N'Nu', N'Dương Thị Diễm',N'0945612345',N'Xã Đông Hiệp, Huyện Cờ Đỏ,Thành phố Cần Thơ ')
INSERT [dbo].[KhachHang] ([maKH],[CMND] ,[gioiTinh], [tenKH], [SDT], [diaChi]) VALUES (N'KHAA005',N'123456789' ,N'Nam', N'TRẦN THANH NAM',N'0945601321',N'Xã Đông Hiệp, Huyện Cờ Đỏ,Thành phố Cần Thơ ')
INSERT [dbo].[KhachHang] ([maKH],[CMND] ,[gioiTinh], [tenKH], [SDT], [diaChi]) VALUES (N'KHAA006',N'123456789' ,N'Nu', N'ĐÀO MINH TUYẾT',N'0945601322',N'Xã Đông Hiệp, Huyện Cờ Đỏ,Thành phố Cần Thơ ')
INSERT [dbo].[KhachHang] ([maKH],[CMND] ,[gioiTinh], [tenKH], [SDT], [diaChi]) VALUES (N'KHAA007',N'123456789' ,N'Nu', N'HUỲNH HIẾU THẢO',N'0945601323',N'Xã Đông Hiệp, Huyện Cờ Đỏ,Thành phố Cần Thơ ')
INSERT [dbo].[KhachHang] ([maKH],[CMND] ,[gioiTinh], [tenKH], [SDT], [diaChi]) VALUES (N'KHAA008',N'123456789' ,N'Nu', N'NGUYỄN THỊ THANH VÂN',N'0945601324',N'Xã Đông Hiệp, Huyện Cờ Đỏ,Thành phố Cần Thơ ')
INSERT [dbo].[KhachHang] ([maKH],[CMND] ,[gioiTinh], [tenKH], [SDT], [diaChi]) VALUES (N'KHAA009',N'123456789' ,N'Nam', N'NGUYỄN VĂN CHƯƠNG',N'0945601325',N'Xã Đông Hiệp, Huyện Cờ Đỏ,Thành phố Cần Thơ ')
INSERT [dbo].[KhachHang] ([maKH],[CMND] ,[gioiTinh], [tenKH], [SDT], [diaChi]) VALUES (N'KHAA010',N'123456789' ,N'Nu', N'HÀ THỊ NGỌC ÁNH',N'0945601326',N'Xã Thới Đông, Huyện Cờ Đỏ, Thành phố Cần Thơ ')
INSERT [dbo].[KhachHang] ([maKH],[CMND] ,[gioiTinh], [tenKH], [SDT], [diaChi]) VALUES (N'KHAA011',N'123456789' ,N'Nu', N'LÊ THỊ RỚT',N'0945601327',N'Xã Thới Đông, Huyện Cờ Đỏ, Thành phố Cần Thơ ')
INSERT [dbo].[KhachHang] ([maKH],[CMND] ,[gioiTinh], [tenKH], [SDT], [diaChi]) VALUES (N'KHAA012',N'123456789' ,N'Nu', N'NGUYỄN THỊ NGỌC TUYẾT',N'0945601328',N'Xã Thới Đông, Huyện Cờ Đỏ, Thành phố Cần Thơ ')
INSERT [dbo].[KhachHang] ([maKH],[CMND] ,[gioiTinh], [tenKH], [SDT], [diaChi]) VALUES (N'KHAA013',N'123456789' ,N'Nu', N'BÙI NGUYỄN NGUYỆT DUNG',N'0945601329',N'Xã Thới Đông, Huyện Cờ Đỏ, Thành phố Cần Thơ ')
INSERT [dbo].[KhachHang] ([maKH],[CMND] ,[gioiTinh], [tenKH], [SDT], [diaChi]) VALUES (N'KHAA014',N'123456789' ,N'Nam', N'LƯU VĂN XÂY',N'0945601330',N'Xã Thới Đông, Huyện Cờ Đỏ, Thành phố Cần Thơ ')
INSERT [dbo].[KhachHang] ([maKH],[CMND] ,[gioiTinh], [tenKH], [SDT], [diaChi]) VALUES (N'KHAA015',N'123456789' ,N'Nam', N'VŨ VĂN NHẬT HÙNG',N'0945601331',N'Xã Thới Đông, Huyện Cờ Đỏ, Thành phố Cần Thơ ')
INSERT [dbo].[KhachHang] ([maKH],[CMND] ,[gioiTinh], [tenKH], [SDT], [diaChi]) VALUES (N'KHAA016',N'123456789' ,N'Nam', N'TRẦN VĂN THIỆN',N'0945601332',N'Xã Thới Đông, Huyện Cờ Đỏ, Thành phố Cần Thơ ')
INSERT [dbo].[KhachHang] ([maKH],[CMND] ,[gioiTinh], [tenKH], [SDT], [diaChi]) VALUES (N'KHAA017',N'123456789' ,N'Nu', N'NGUYỄN THỊ THANH THÚY',N'0945601333',N'Xã Thới Đông, Huyện Cờ Đỏ, Thành phố Cần Thơ ')
INSERT [dbo].[KhachHang] ([maKH],[CMND] ,[gioiTinh], [tenKH], [SDT], [diaChi]) VALUES (N'KHAA018',N'123456789' ,N'Nam', N'NGUYỄN VĂN VINH',N'0945601334',N'Xã Thới Đông, Huyện Cờ Đỏ, Thành phố Cần Thơ ')
INSERT [dbo].[KhachHang] ([maKH],[CMND] ,[gioiTinh], [tenKH], [SDT], [diaChi]) VALUES (N'KHAA019',N'123456789' ,N'Nu', N'NGUYỄN THỊ SÁNG',N'0945601335',N'Xã Thới Đông, Huyện Cờ Đỏ, Thành phố Cần Thơ ')
INSERT [dbo].[KhachHang] ([maKH],[CMND] ,[gioiTinh], [tenKH], [SDT], [diaChi]) VALUES (N'KHAA020',N'123456789' ,N'Nam', N'TỪ TIẾN QUANG HÀO',N'0945601336',N'Xã Thới Đông, Huyện Cờ Đỏ, Thành phố Cần Thơ ')
INSERT [dbo].[KhachHang] ([maKH],[CMND] ,[gioiTinh], [tenKH], [SDT], [diaChi]) VALUES (N'KHAA021',N'123456789' ,N'Nu', N'HUỲNH THỊ ÁNH HỒNG',N'0945601337',N'Xã Thới Đông, Huyện Cờ Đỏ, Thành phố Cần Thơ ')
INSERT [dbo].[KhachHang] ([maKH],[CMND] ,[gioiTinh], [tenKH], [SDT], [diaChi]) VALUES (N'KHAA022',N'123456789' ,N'Nam', N'LÊ THÀNH LỢI',N'0945601338',N'Xã Thới Đông, Huyện Cờ Đỏ, Thành phố Cần Thơ ')
INSERT [dbo].[KhachHang] ([maKH],[CMND] ,[gioiTinh], [tenKH], [SDT], [diaChi]) VALUES (N'KHAA023',N'123456789' ,N'Nam', N'PHẠM HIỀN NHÂN',N'0945601339',N'Xã Thới Đông, Huyện Cờ Đỏ, Thành phố Cần Thơ ')
INSERT [dbo].[KhachHang] ([maKH],[CMND] ,[gioiTinh], [tenKH], [SDT], [diaChi]) VALUES (N'KHAA024',N'123456789' ,N'Nu', N'NGÔ THỊ BẢY',N'0945601340',N'Xã Thới Đông, Huyện Cờ Đỏ, Thành phố Cần Thơ ')
INSERT [dbo].[KhachHang] ([maKH],[CMND] ,[gioiTinh], [tenKH], [SDT], [diaChi]) VALUES (N'KHAA025',N'123456789' ,N'Nam', N'NGUYỄN LÊ MINH SANG',N'0945601341',N'Xã Thới Đông, Huyện Cờ Đỏ, Thành phố Cần Thơ ')
INSERT [dbo].[KhachHang] ([maKH],[CMND] ,[gioiTinh], [tenKH], [SDT], [diaChi]) VALUES (N'KHAA026',N'123456789' ,N'Nu', N'NGUYỄN THỊ TÚ LIÊN',N'0945601342',N'Xã Đông Hiệp, Huyện Cờ Đỏ,Thành phố Cần Thơ ')
INSERT [dbo].[KhachHang] ([maKH],[CMND] ,[gioiTinh], [tenKH], [SDT], [diaChi]) VALUES (N'KHAA027',N'123456789' ,N'Nu', N'NGUYỄN THỊ PHÚ LIÊN',N'0945601343',N'Xã Đông Hiệp, Huyện Cờ Đỏ,Thành phố Cần Thơ ')
INSERT [dbo].[KhachHang] ([maKH],[CMND] ,[gioiTinh], [tenKH], [SDT], [diaChi]) VALUES (N'KHAA028',N'123456789' ,N'Nam', N'SUH CANG HY',N'0945601344',N'Phường An Nghiệp,Quận Ninh Kiều,Thành phố Cần Thơ')
INSERT [dbo].[KhachHang] ([maKH],[CMND] ,[gioiTinh], [tenKH], [SDT], [diaChi]) VALUES (N'KHAA029',N'123456789' ,N'Nam', N'NGUYỄN KỲ NAM',N'0945601345',N'Phường An Nghiệp,Quận Ninh Kiều,Thành phố Cần Thơ')
INSERT [dbo].[KhachHang] ([maKH],[CMND] ,[gioiTinh], [tenKH], [SDT], [diaChi]) VALUES (N'KHAA030',N'123456789' ,N'Nu', N'TRẦN THỊ XIÊM',N'0945601346',N'Phường An Nghiệp,Quận Ninh Kiều,Thành phố Cần Thơ')
INSERT [dbo].[KhachHang] ([maKH],[CMND] ,[gioiTinh], [tenKH], [SDT], [diaChi]) VALUES (N'KHAA031',N'123456789' ,N'Nam', N'ĐINH THANH SANG',N'0945601347',N'Phường An Nghiệp,Quận Ninh Kiều,Thành phố Cần Thơ')
INSERT [dbo].[KhachHang] ([maKH],[CMND] ,[gioiTinh], [tenKH], [SDT], [diaChi]) VALUES (N'KHAA032',N'123456789' ,N'Nam', N'LÊ HOÀNG TRỌNG',N'0945601348',N'Phường An Nghiệp,Quận Ninh Kiều,Thành phố Cần Thơ')
INSERT [dbo].[KhachHang] ([maKH],[CMND] ,[gioiTinh], [tenKH], [SDT], [diaChi]) VALUES (N'KHAA033',N'123456789' ,N'Nu', N'HUỲNH THỊ HỒNG NGA',N'0945601349',N'Phường An Nghiệp,Quận Ninh Kiều,Thành phố Cần Thơ')
INSERT [dbo].[KhachHang] ([maKH],[CMND] ,[gioiTinh], [tenKH], [SDT], [diaChi]) VALUES (N'KHAA034',N'123456789' ,N'Nam', N'LÂM NGỌC PHƯỢNG',N'0945601350',N'Phường An Nghiệp,Quận Ninh Kiều,Thành phố Cần Thơ')
INSERT [dbo].[KhachHang] ([maKH],[CMND] ,[gioiTinh], [tenKH], [SDT], [diaChi]) VALUES (N'KHAA035',N'123456789' ,N'Nu', N'NGUYỄN THỊ KIM NGÂN',N'0945601351',N'Phường An Nghiệp,Quận Ninh Kiều,Thành phố Cần Thơ')
INSERT [dbo].[KhachHang] ([maKH],[CMND] ,[gioiTinh], [tenKH], [SDT], [diaChi]) VALUES (N'KHAA036',N'123456789' ,N'Nu', N'NGUYỄN NGỌC MỸ',N'0945601352',N'Phường An Nghiệp,Quận Ninh Kiều,Thành phố Cần Thơ')
INSERT [dbo].[KhachHang] ([maKH],[CMND] ,[gioiTinh], [tenKH], [SDT], [diaChi]) VALUES (N'KHAA037',N'123456789' ,N'Nu', N'LÊ THỊ THU HÀ',N'0945601353',N'Phường An Nghiệp,Quận Ninh Kiều,Thành phố Cần Thơ')
INSERT [dbo].[KhachHang] ([maKH],[CMND] ,[gioiTinh], [tenKH], [SDT], [diaChi]) VALUES (N'KHAA038',N'123456789' ,N'Nu', N'NGUYỄN THỊ CÚC',N'0945601354',N'Phường An Nghiệp,Quận Ninh Kiều,Thành phố Cần Thơ')
INSERT [dbo].[KhachHang] ([maKH],[CMND] ,[gioiTinh], [tenKH], [SDT], [diaChi]) VALUES (N'KHAA039',N'123456789' ,N'Nu', N'HUỲNH THỊ HỒNG NGA',N'0945601355',N'Phường An Nghiệp,Quận Ninh Kiều,Thành phố Cần Thơ')
INSERT [dbo].[KhachHang] ([maKH],[CMND] ,[gioiTinh], [tenKH], [SDT], [diaChi]) VALUES (N'KHAA040',N'123456789' ,N'Nam', N'NGUYỄN HỒNG HẢI',N'0945601356',N'Phường An Nghiệp,Quận Ninh Kiều,Thành phố Cần Thơ')
INSERT [dbo].[KhachHang] ([maKH],[CMND] ,[gioiTinh], [tenKH], [SDT], [diaChi]) VALUES (N'KHAA041',N'123456789' ,N'Nu', N'TRÀ THỊ TUYẾT THU',N'0945601357',N'Phường An Nghiệp,Quận Ninh Kiều,Thành phố Cần Thơ')
INSERT [dbo].[KhachHang] ([maKH],[CMND] ,[gioiTinh], [tenKH], [SDT], [diaChi]) VALUES (N'KHAA042',N'123456789' ,N'Nu', N'PHẠM THỊ VIỆT',N'0945601358',N'Phường An Nghiệp,Quận Ninh Kiều,Thành phố Cần Thơ')
INSERT [dbo].[KhachHang] ([maKH],[CMND] ,[gioiTinh], [tenKH], [SDT], [diaChi]) VALUES (N'KHAA043',N'123456789' ,N'Nam', N'TRẦN MINH TUẤN',N'0945601359',N'Phường An Nghiệp,Quận Ninh Kiều,Thành phố Cần Thơ')
INSERT [dbo].[KhachHang] ([maKH],[CMND] ,[gioiTinh], [tenKH], [SDT], [diaChi]) VALUES (N'KHAA044',N'123456789' ,N'Nam', N'TRẦN VĂN ĐÔNG',N'0945601360',N'Phường An Nghiệp,Quận Ninh Kiều,Thành phố Cần Thơ')
INSERT [dbo].[KhachHang] ([maKH],[CMND] ,[gioiTinh], [tenKH], [SDT], [diaChi]) VALUES (N'KHAA045',N'123456789' ,N'Nam', N'LƯƠNG THÀNH PHÚC',N'0945601361',N'Phường An Nghiệp,Quận Ninh Kiều,Thành phố Cần Thơ')
INSERT [dbo].[KhachHang] ([maKH],[CMND] ,[gioiTinh], [tenKH], [SDT], [diaChi]) VALUES (N'KHAA046',N'123456789' ,N'Nam', N'NGUYỄN NGỌC ĐẰNG',N'0945601362',N'Phường An Nghiệp,Quận Ninh Kiều,Thành phố Cần Thơ')
INSERT [dbo].[KhachHang] ([maKH],[CMND] ,[gioiTinh], [tenKH], [SDT], [diaChi]) VALUES (N'KHAA047',N'123456789' ,N'Nam', N'HUỲNH VĂN NGÀ',N'0945601363',N'Phường An Nghiệp,Quận Ninh Kiều,Thành phố Cần Thơ')
INSERT [dbo].[KhachHang] ([maKH],[CMND] ,[gioiTinh], [tenKH], [SDT], [diaChi]) VALUES (N'KHAA048',N'123456789' ,N'Nam', N'TRỊNH HẢI ĐĂNG',N'0945601364',N'Phường An Nghiệp,Quận Ninh Kiều,Thành phố Cần Thơ')
INSERT [dbo].[KhachHang] ([maKH],[CMND] ,[gioiTinh], [tenKH], [SDT], [diaChi]) VALUES (N'KHAA049',N'123456789' ,N'Nu', N'NGUYỄN THỊ MỸ PHƯỢNG',N'0945601365',N'Phường An Nghiệp,Quận Ninh Kiều,Thành phố Cần Thơ')
INSERT [dbo].[KhachHang] ([maKH],[CMND] ,[gioiTinh], [tenKH], [SDT], [diaChi]) VALUES (N'KHAA050',N'123456789' ,N'Nam', N'LÊ THANH PHỤNG',N'0945601366',N'Phường An Nghiệp,Quận Ninh Kiều,Thành phố Cần Thơ')
INSERT [dbo].[KhachHang] ([maKH],[CMND] ,[gioiTinh], [tenKH], [SDT], [diaChi]) VALUES (N'KHAA051',N'123456789' ,N'Nam', N'TRẦN VĂN THẮNG',N'0945601367',N'Phường An Nghiệp,Quận Ninh Kiều,Thành phố Cần Thơ')
INSERT [dbo].[KhachHang] ([maKH],[CMND] ,[gioiTinh], [tenKH], [SDT], [diaChi]) VALUES (N'KHAA052',N'123456789' ,N'Nam', N'NGUYỄN ĐÌNH PHONG',N'0945601368',N'Phường An Nghiệp,Quận Ninh Kiều,Thành phố Cần Thơ')
INSERT [dbo].[KhachHang] ([maKH],[CMND] ,[gioiTinh], [tenKH], [SDT], [diaChi]) VALUES (N'KHAA053',N'123456789' ,N'Nu', N'NGUYỄN THỊ PHƯƠNG DUNG',N'0945601369',N'Phường An Nghiệp,Quận Ninh Kiều,Thành phố Cần Thơ')
INSERT [dbo].[KhachHang] ([maKH],[CMND] ,[gioiTinh], [tenKH], [SDT], [diaChi]) VALUES (N'KHAA054',N'123456789' ,N'Nu', N'DƯƠNG THỊ THÙY TRANG',N'0945601370',N'Phường An Nghiệp,Quận Ninh Kiều,Thành phố Cần Thơ')
INSERT [dbo].[KhachHang] ([maKH],[CMND] ,[gioiTinh], [tenKH], [SDT], [diaChi]) VALUES (N'KHAA055',N'123456789' ,N'Nu', N'ĐỖ THU HƯƠNG',N'0945601371',N'Phường An Nghiệp,Quận Ninh Kiều,Thành phố Cần Thơ')
INSERT [dbo].[KhachHang] ([maKH],[CMND] ,[gioiTinh], [tenKH], [SDT], [diaChi]) VALUES (N'KHAA056',N'123456789' ,N'Nam', N'NGUYỄN THANH QUYỀN',N'0945601372',N'Phường An Nghiệp,Quận Ninh Kiều,Thành phố Cần Thơ')
INSERT [dbo].[KhachHang] ([maKH],[CMND] ,[gioiTinh], [tenKH], [SDT], [diaChi]) VALUES (N'KHAA057',N'123456789' ,N'Nam', N'TRẦN THANH HẢI',N'0945601373',N'Phường Trường Lạc,Quận Ô Môn,Thành phố Cần Thơ')
INSERT [dbo].[KhachHang] ([maKH],[CMND] ,[gioiTinh], [tenKH], [SDT], [diaChi]) VALUES (N'KHAA058',N'123456789' ,N'Nam', N'HÙNG THÀNH CÔNG',N'0945601374',N'Phường Trường Lạc,Quận Ô Môn,Thành phố Cần Thơ')
INSERT [dbo].[KhachHang] ([maKH],[CMND] ,[gioiTinh], [tenKH], [SDT], [diaChi]) VALUES (N'KHAA059',N'123456789' ,N'Nam', N'TRẦN QUỐC TUẤN',N'0945601375',N'Phường Trường Lạc,Quận Ô Môn,Thành phố Cần Thơ')
INSERT [dbo].[KhachHang] ([maKH],[CMND] ,[gioiTinh], [tenKH], [SDT], [diaChi]) VALUES (N'KHAA060',N'123456789' ,N'Nam', N'HỒ NGỌC THANH HIỀN',N'0945601376',N'Phường Trường Lạc,Quận Ô Môn,Thành phố Cần Thơ')
INSERT [dbo].[KhachHang] ([maKH],[CMND] ,[gioiTinh], [tenKH], [SDT], [diaChi]) VALUES (N'KHAA061',N'123456789' ,N'Nam', N'NGUYỄN THỊ HÒA',N'0945601377',N'Phường Trường Lạc,Quận Ô Môn,Thành phố Cần Thơ')
INSERT [dbo].[KhachHang] ([maKH],[CMND] ,[gioiTinh], [tenKH], [SDT], [diaChi]) VALUES (N'KHAA062',N'123456789' ,N'Nu', N'NGUYỄN THỊ Huệ',N'0945601378',N'Phường Trường Lạc,Quận Ô Môn,Thành phố Cần Thơ')
INSERT [dbo].[KhachHang] ([maKH],[CMND] ,[gioiTinh], [tenKH], [SDT], [diaChi]) VALUES (N'KHAA063',N'123456789' ,N'Nam', N'AMELLIA NGUYỄN',N'0945601379',N'Phường Trường Lạc,Quận Ô Môn,Thành phố Cần Thơ')
INSERT [dbo].[KhachHang] ([maKH],[CMND] ,[gioiTinh], [tenKH], [SDT], [diaChi]) VALUES (N'KHAA064',N'123456789' ,N'Nam', N'TRẦN MINH SƠN',N'0945601380',N'Phường Trường Lạc,Quận Ô Môn,Thành phố Cần Thơ')
INSERT [dbo].[KhachHang] ([maKH],[CMND] ,[gioiTinh], [tenKH], [SDT], [diaChi]) VALUES (N'KHAA065',N'123456789' ,N'Nu', N'VÂN KIM LIÊN',N'0945601381',N'Phường Trường Lạc,Quận Ô Môn,Thành phố Cần Thơ')
INSERT [dbo].[KhachHang] ([maKH],[CMND] ,[gioiTinh], [tenKH], [SDT], [diaChi]) VALUES (N'KHAA066',N'123456789' ,N'Nu', N'TRẦN THỊ THU HỒNG',N'0945601382',N'Phường Trường Lạc,Quận Ô Môn,Thành phố Cần Thơ')
INSERT [dbo].[KhachHang] ([maKH],[CMND] ,[gioiTinh], [tenKH], [SDT], [diaChi]) VALUES (N'KHAA067',N'123456789' ,N'Nu', N'LÂM THỊ PHƯỢNG',N'0945601383',N'Phường Trường Lạc,Quận Ô Môn,Thành phố Cần Thơ')
INSERT [dbo].[KhachHang] ([maKH],[CMND] ,[gioiTinh], [tenKH], [SDT], [diaChi]) VALUES (N'KHAA068',N'123456789' ,N'Nu', N'TRẦN THỊ THẮM',N'0945601384',N'Phường Trường Lạc,Quận Ô Môn,Thành phố Cần Thơ')
INSERT [dbo].[KhachHang] ([maKH],[CMND] ,[gioiTinh], [tenKH], [SDT], [diaChi]) VALUES (N'KHAA069',N'123456789' ,N'Nam', N'ĐĂNG QUANG ĐẠT',N'0945601385',N'Phường Trường Lạc,Quận Ô Môn,Thành phố Cần Thơ')
INSERT [dbo].[KhachHang] ([maKH],[CMND] ,[gioiTinh], [tenKH], [SDT], [diaChi]) VALUES (N'KHAA070',N'123456789' ,N'Nam', N'NGUYỄN HUY',N'0945601386',N'Phường Trường Lạc,Quận Ô Môn,Thành phố Cần Thơ')
INSERT [dbo].[KhachHang] ([maKH],[CMND] ,[gioiTinh], [tenKH], [SDT], [diaChi]) VALUES (N'KHAA071',N'123456789' ,N'Nam', N'NGUYỄN NGỌC LỢI',N'0945601387',N'Phường Trường Lạc,Quận Ô Môn,Thành phố Cần Thơ')
INSERT [dbo].[KhachHang] ([maKH],[CMND] ,[gioiTinh], [tenKH], [SDT], [diaChi]) VALUES (N'KHAA072',N'123456789' ,N'Nu', N'HUỲNH ĐOAN TRANG',N'0945601388',N'Phường Trường Lạc,Quận Ô Môn,Thành phố Cần Thơ')
INSERT [dbo].[KhachHang] ([maKH],[CMND] ,[gioiTinh], [tenKH], [SDT], [diaChi]) VALUES (N'KHAA073',N'123456789' ,N'Nu', N'NGUYỄN THỊ DIỄM PHỤNG',N'0945601389',N'Phường Trường Lạc,Quận Ô Môn,Thành phố Cần Thơ')
INSERT [dbo].[KhachHang] ([maKH],[CMND] ,[gioiTinh], [tenKH], [SDT], [diaChi]) VALUES (N'KHAA074',N'123456789' ,N'Nam', N'LÝ MINH HIẾU',N'0945601390',N'Xã Hòa Nhơn,Huyện Hòa Vang,Thành phố Đà Nẵng ')
INSERT [dbo].[KhachHang] ([maKH],[CMND] ,[gioiTinh], [tenKH], [SDT], [diaChi]) VALUES (N'KHAA075',N'123456789' ,N'Nam', N'TÔN CHẤN VÕ',N'0945601391',N'Xã Hòa Nhơn,Huyện Hòa Vang,Thành phố Đà Nẵng ')
INSERT [dbo].[KhachHang] ([maKH],[CMND] ,[gioiTinh], [tenKH], [SDT], [diaChi]) VALUES (N'KHAA076',N'123456789' ,N'Nam', N'LÝ TRUNG SƠN',N'0945601392',N'Xã Hòa Nhơn,Huyện Hòa Vang,Thành phố Đà Nẵng ')
INSERT [dbo].[KhachHang] ([maKH],[CMND] ,[gioiTinh], [tenKH], [SDT], [diaChi]) VALUES (N'KHAA077',N'123456789' ,N'Nam', N'NGUYỄN HÙNG BÌNH',N'0945601393',N'Xã Hòa Nhơn,Huyện Hòa Vang,Thành phố Đà Nẵng ')
INSERT [dbo].[KhachHang] ([maKH],[CMND] ,[gioiTinh], [tenKH], [SDT], [diaChi]) VALUES (N'KHAA078',N'123456789' ,N'Nu', N'PHAN THỊ MỸ DUNG',N'0945601394',N'Xã Hòa Nhơn,Huyện Hòa Vang,Thành phố Đà Nẵng ')
INSERT [dbo].[KhachHang] ([maKH],[CMND] ,[gioiTinh], [tenKH], [SDT], [diaChi]) VALUES (N'KHAA079',N'123456789' ,N'Nu', N'NGUYỄN THỊ THẢO',N'0945601395',N'Xã Hòa Nhơn,Huyện Hòa Vang,Thành phố Đà Nẵng ')
INSERT [dbo].[KhachHang] ([maKH],[CMND] ,[gioiTinh], [tenKH], [SDT], [diaChi]) VALUES (N'KHAA080',N'123456789' ,N'Nam', N'NGUYỄN HOÀNG ANH',N'0945601396',N'Xã Hòa Nhơn,Huyện Hòa Vang,Thành phố Đà Nẵng ')
INSERT [dbo].[KhachHang] ([maKH],[CMND] ,[gioiTinh], [tenKH], [SDT], [diaChi]) VALUES (N'KHAA081',N'123456789' ,N'Nam', N'VÕ HỮU TOẠI',N'0945601397',N'Xã Hòa Nhơn,Huyện Hòa Vang,Thành phố Đà Nẵng ')
INSERT [dbo].[KhachHang] ([maKH],[CMND] ,[gioiTinh], [tenKH], [SDT], [diaChi]) VALUES (N'KHAA082',N'123456789' ,N'Nu', N'NGUYỄN THỊ KHUÊ BÍCH',N'0945601398',N'Xã Hòa Nhơn,Huyện Hòa Vang,Thành phố Đà Nẵng ')
INSERT [dbo].[KhachHang] ([maKH],[CMND] ,[gioiTinh], [tenKH], [SDT], [diaChi]) VALUES (N'KHAA083',N'123456789' ,N'Nam', N'TRẦN QUANG SINH',N'0945601399',N'Xã Hòa Nhơn,Huyện Hòa Vang,Thành phố Đà Nẵng ')
INSERT [dbo].[KhachHang] ([maKH],[CMND] ,[gioiTinh], [tenKH], [SDT], [diaChi]) VALUES (N'KHAA084',N'123456789' ,N'Nam', N'THÁI SÁNG BÌNH',N'0945601400',N'Xã Hòa Nhơn,Huyện Hòa Vang,Thành phố Đà Nẵng ')
INSERT [dbo].[KhachHang] ([maKH],[CMND] ,[gioiTinh], [tenKH], [SDT], [diaChi]) VALUES (N'KHAA085',N'123456789' ,N'Nam', N'HUỲNH NGỌC ÁNH',N'0945601401',N'Xã Hòa Nhơn,Huyện Hòa Vang,Thành phố Đà Nẵng ')
INSERT [dbo].[KhachHang] ([maKH],[CMND] ,[gioiTinh], [tenKH], [SDT], [diaChi]) VALUES (N'KHAA086',N'123456789' ,N'Nam', N'PHẠM NGỌC THÀN',N'0945601402',N'Xã Hòa Nhơn,Huyện Hòa Vang,Thành phố Đà Nẵng ')
INSERT [dbo].[KhachHang] ([maKH],[CMND] ,[gioiTinh], [tenKH], [SDT], [diaChi]) VALUES (N'KHAA087',N'123456789' ,N'Nu', N'TRẦN THỊ XUÂN HỒNG',N'0945601403',N'Xã Hòa Nhơn,Huyện Hòa Vang,Thành phố Đà Nẵng ')
INSERT [dbo].[KhachHang] ([maKH],[CMND] ,[gioiTinh], [tenKH], [SDT], [diaChi]) VALUES (N'KHAA088',N'123456789' ,N'Nu', N'NGUYỄN THỊ THU THỦY',N'0945601404',N'Xã Hòa Nhơn,Huyện Hòa Vang,Thành phố Đà Nẵng ')
INSERT [dbo].[KhachHang] ([maKH],[CMND] ,[gioiTinh], [tenKH], [SDT], [diaChi]) VALUES (N'KHAA089',N'123456789' ,N'Nam', N'THÁI MINH HÙNG',N'0945601405',N'Xã Hòa Nhơn,Huyện Hòa Vang,Thành phố Đà Nẵng ')
INSERT [dbo].[KhachHang] ([maKH],[CMND] ,[gioiTinh], [tenKH], [SDT], [diaChi]) VALUES (N'KHAA090',N'123456789' ,N'Nam', N'VÕ THÀNH TÂM',N'0945601406',N'Xã Hòa Nhơn,Huyện Hòa Vang,Thành phố Đà Nẵng ')
INSERT [dbo].[KhachHang] ([maKH],[CMND] ,[gioiTinh], [tenKH], [SDT], [diaChi]) VALUES (N'KHAA091',N'123456789' ,N'Nu', N'HỒ THỊ NGỌC CẨM',N'0945601407',N'Xã Hòa Nhơn,Huyện Hòa Vang,Thành phố Đà Nẵng ')
INSERT [dbo].[KhachHang] ([maKH],[CMND] ,[gioiTinh], [tenKH], [SDT], [diaChi]) VALUES (N'KHAA092',N'123456789' ,N'Nam', N'NGUYỄN NGỌC THẠCH',N'0945601408',N'Xã Hòa Nhơn,Huyện Hòa Vang,Thành phố Đà Nẵng ')
INSERT [dbo].[KhachHang] ([maKH],[CMND] ,[gioiTinh], [tenKH], [SDT], [diaChi]) VALUES (N'KHAA093',N'123456789' ,N'Nu', N'TỪ QUẾ LAN',N'0945601409',N'Xã Hòa Nhơn,Huyện Hòa Vang,Thành phố Đà Nẵng ')
INSERT [dbo].[KhachHang] ([maKH],[CMND] ,[gioiTinh], [tenKH], [SDT], [diaChi]) VALUES (N'KHAA094',N'123456789' ,N'Nu', N'MAI THỊ THANH HUYỀN',N'0945601410',N'Xã Hòa Nhơn,Huyện Hòa Vang,Thành phố Đà Nẵng ')
INSERT [dbo].[KhachHang] ([maKH],[CMND] ,[gioiTinh], [tenKH], [SDT], [diaChi]) VALUES (N'KHAA095',N'123456789' ,N'Nu', N'CHÂU THỤC MAI',N'0945601411',N'Xã Phường Hòa Thọ Đông,Quận Cẩm Lệ,Thành phố Đà Nẵng ')
INSERT [dbo].[KhachHang] ([maKH],[CMND] ,[gioiTinh], [tenKH], [SDT], [diaChi]) VALUES (N'KHAA096',N'123456789' ,N'Nu', N'NGUYỄN THỊ BÍCH TRÂM',N'0945601412',N'Xã Phường Hòa Thọ Đông,Quận Cẩm Lệ,Thành phố Đà Nẵng ')
INSERT [dbo].[KhachHang] ([maKH],[CMND] ,[gioiTinh], [tenKH], [SDT], [diaChi]) VALUES (N'KHAA097',N'123456789' ,N'Nu', N'NGUYỄN THỊ HOÀNG TRANG',N'0945601413',N'Xã Phường Hòa Thọ Đông,Quận Cẩm Lệ,Thành phố Đà Nẵng ')
INSERT [dbo].[KhachHang] ([maKH],[CMND] ,[gioiTinh], [tenKH], [SDT], [diaChi]) VALUES (N'KHAA098',N'123456789' ,N'Nu', N'HUỲNH THỊ THU HƯỜNG',N'0945601414',N'Xã Phường Hòa Thọ Đông,Quận Cẩm Lệ,Thành phố Đà Nẵng ')
INSERT [dbo].[KhachHang] ([maKH],[CMND] ,[gioiTinh], [tenKH], [SDT], [diaChi]) VALUES (N'KHAA099',N'123456789' ,N'Nu', N'VŨ THU THỦY',N'0945601415',N'Xã Phường Hòa Thọ Đông,Quận Cẩm Lệ,Thành phố Đà Nẵng ')
INSERT [dbo].[KhachHang] ([maKH],[CMND] ,[gioiTinh], [tenKH], [SDT], [diaChi]) VALUES (N'KHAA100',N'123456789' ,N'Nam', N'PHẠM THANH SĨ',N'0945601416',N'Xã Phường Hòa Thọ Đông,Quận Cẩm Lệ,Thành phố Đà Nẵng ')
INSERT [dbo].[KhachHang] ([maKH],[CMND], [gioiTinh], [tenKH], [SDT], [diaChi]) VALUES (N'KHAA101',N'123456789',N'Nam', N'Hà Huy Hoàng',N'0945601417','Xã Đông Hiệp, Huyện Cờ Đỏ, Thành phố Cần Thơ')
INSERT [dbo].[KhachHang] ([maKH],[CMND], [gioiTinh], [tenKH], [SDT], [diaChi]) VALUES (N'KHAA102',N'123456789',N'Nam', N'Đặng Nhật Khương',N'0942245015','Xã Đông Hiệp, Huyện Cờ Đỏ, Thành phố Cần Thơ')
INSERT [dbo].[KhachHang] ([maKH],[CMND], [gioiTinh], [tenKH], [SDT], [diaChi]) VALUES (N'KHAA103',N'123456789',N'Nam', N'Nguyễn Thanh Sơn',N'0394566461','Xã Đông Hiệp, Huyện Cờ Đỏ, Thành phố Cần Thơ')
INSERT [dbo].[KhachHang] ([maKH],[CMND], [gioiTinh], [tenKH], [SDT], [diaChi]) VALUES (N'KHAA104',N'123456789',N'Nam', N'Huynh Anh Khang',N'0968234562','Xã Đông Hiệp, Huyện Cờ Đỏ, Thành phố Cần Thơ')
INSERT [dbo].[KhachHang] ([maKH],[CMND], [gioiTinh], [tenKH], [SDT], [diaChi]) VALUES (N'KHAA105',N'123456789',N'Nam', N'Đặng Nhật Khương',N'0942245016','Xã Đông Hiệp, Huyện Cờ Đỏ, Thành phố Cần Thơ')
INSERT [dbo].[KhachHang] ([maKH],[CMND], [gioiTinh], [tenKH], [SDT], [diaChi]) VALUES (N'KHAA106',N'123456789',N'Nam', N'Bùi Bình Minh',N'0933873344','Xã Đông Hiệp, Huyện Cờ Đỏ, Thành phố Cần Thơ')
INSERT [dbo].[KhachHang] ([maKH],[CMND], [gioiTinh], [tenKH], [SDT], [diaChi]) VALUES (N'KHAA107',N'123456789',N'Nam', N'Nguyễn Thanh Châu',N'0394566462','Xã Đông Hiệp, Huyện Cờ Đỏ, Thành phố Cần Thơ')
INSERT [dbo].[KhachHang] ([maKH],[CMND], [gioiTinh], [tenKH], [SDT], [diaChi]) VALUES (N'KHAA108',N'123456789',N'Nam', N'Nguyễn Thanh Công',N'0394566464','Xã Đông Hiệp, Huyện Cờ Đỏ, Thành phố Cần Thơ')
INSERT [dbo].[KhachHang] ([maKH],[CMND], [gioiTinh], [tenKH], [SDT], [diaChi]) VALUES (N'KHAA109',N'123456789',N'Nam', N'Nguyễn Hoàng Khách',N'0394555458','Xã Đông Hiệp, Huyện Cờ Đỏ, Thành phố Cần Thơ')
INSERT [dbo].[KhachHang] ([maKH],[CMND], [gioiTinh], [tenKH], [SDT], [diaChi]) VALUES (N'KHAA110',N'123456789',N'Nam', N'Nguyễn Minh Sơn',N'0394566466','Xã Đông Hiệp, Huyện Cờ Đỏ, Thành phố Cần Thơ')
INSERT [dbo].[KhachHang] ([maKH],[CMND], [gioiTinh], [tenKH], [SDT], [diaChi]) VALUES (N'KHAA111',N'123456789',N'Nam', N'Nguyễn Thanh Sơn',N'0394566467','Xã Đông Hiệp, Huyện Cờ Đỏ, Thành phố Cần Thơ')
INSERT [dbo].[KhachHang] ([maKH],[CMND], [gioiTinh], [tenKH], [SDT], [diaChi]) VALUES (N'KHAA112',N'123456789',N'Nam', N'Nguyễn Hoàng Khánh',N'0394566463','Xã Đông Hiệp, Huyện Cờ Đỏ, Thành phố Cần Thơ')
SELECT * FROM [dbo].[KhachHang]
go




go
INSERT [dbo].[LoaiNhanVien] ([maLNV], [tenLNV]) VALUES (N'LNV001', N'Quản lý')
INSERT [dbo].[LoaiNhanVien] ([maLNV], [tenLNV]) VALUES (N'LNV002', N'Thu ngân')
INSERT [dbo].[LoaiNhanVien] ([maLNV], [tenLNV]) VALUES (N'LNV003', N'Lễ tân')
INSERT [dbo].[LoaiNhanVien] ([maLNV], [tenLNV]) VALUES (N'LNV004', N'Bảo vệ')
INSERT [dbo].[LoaiNhanVien] ([maLNV], [tenLNV]) VALUES (N'LNV005', N'Vệ sinh')
SELECT * FROM [dbo].[LoaiNhanVien]
go

go
INSERT[dbo].[TaiKhoan]([maTK],[tenNV],[tenTK],[MK],[email])VALUES(N'TK001',N'Admin',N'admin',N'123', 'maiqtruong2403@gmail.com')
INSERT[dbo].[TaiKhoan]([maTK],[tenNV],[tenTK],[MK],[email])VALUES(N'TK002',N'Truong Dai Loc',N'dailoc',N'1234', 'truongdailoc2003@gmail.com')
INSERT[dbo].[TaiKhoan]([maTK],[tenNV],[tenTK],[MK],[email])VALUES(N'TK003',N'Mai Ho Thien Thach',N'thienthach',N'123', 'thachgpt@gmail.com')
INSERT[dbo].[TaiKhoan]([maTK],[tenNV],[tenTK],[MK],[email])VALUES(N'TK004',N'Phan Nguyen Dai Duong',N'duongphan',N'123', 'duongphan1912@gmail.com')
INSERT[dbo].[TaiKhoan]([maTK],[tenNV],[tenTK],[MK],[email] )VALUES(N'TK005',N'TRINH THANH NAM',N'TRINHTHANHNAM','karaoke4t',N'TRINHTHANHNAM@gmail.com')
INSERT[dbo].[TaiKhoan]([maTK],[tenNV],[tenTK],[MK],[email] )VALUES(N'TK006',N'DAO MINH TUYET',N'DAOMINHTUYET','karaoke4t',N'DAOMINHTUYET@gmail.com')
INSERT[dbo].[TaiKhoan]([maTK],[tenNV],[tenTK],[MK],[email] )VALUES(N'TK007',N'HUYNH HIEU THAO',N'HUYNHHIEUTHAO','karaoke4t',N'HUYNHHIEUTHAO@gmail.com')
INSERT[dbo].[TaiKhoan]([maTK],[tenNV],[tenTK],[MK],[email] )VALUES(N'TK008',N'NGUYEN THI THANH VAN',N'NGUYENTHITHANHVAN','karaoke4t',N'NGUYENTHITHANHVAN@gmail.com')
INSERT[dbo].[TaiKhoan]([maTK],[tenNV],[tenTK],[MK],[email] )VALUES(N'TK009',N'NGUYEN VAN CHUONG',N'NGUYENVANCHUONG','karaoke4t',N'NGUYENVANCHUONG@gmail.com')
INSERT[dbo].[TaiKhoan]([maTK],[tenNV],[tenTK],[MK],[email] )VALUES(N'TK010',N'THI NGOC ANH',N'HATHINGOCANH','karaoke4t',N'HATHINGOCANH@gmail.com')
INSERT[dbo].[TaiKhoan]([maTK],[tenNV],[tenTK],[MK],[email] )VALUES(N'TK011',N'LE THI RIENG',N'LETHIRIENG','karaoke4t',N'LETHIRIENG@gmail.com')
INSERT[dbo].[TaiKhoan]([maTK],[tenNV],[tenTK],[MK],[email] )VALUES(N'TK012',N'NGUYEN THI NGOC TUYET',N'NGUYENTHINGOCTUYET','karaoke4t',N'NGUYENTHINGOCTUYET@gmail.com')
INSERT[dbo].[TaiKhoan]([maTK],[tenNV],[tenTK],[MK],[email] )VALUES(N'TK013',N'BUI NGUYEN NGUYET DUNG',N'BUINGUYENNGUYETDUNG','karaoke4t',N'BUINGUYENNGUYETDUNG@gmail.com')
INSERT[dbo].[TaiKhoan]([maTK],[tenNV],[tenTK],[MK],[email] )VALUES(N'TK014',N'LUU VAN XAY',N'LUUVANXAY','karaoke4t',N'LUUVANXAY@gmail.com')
INSERT[dbo].[TaiKhoan]([maTK],[tenNV],[tenTK],[MK],[email] )VALUES(N'TK015',N'VU VAN NHA THUNG',N'VUVANNHATHUNG','karaoke4t',N'VUVANNHATHUNG@gmail.com')
INSERT[dbo].[TaiKhoan]([maTK],[tenNV],[tenTK],[MK],[email] )VALUES(N'TK016',N'TRINH VAN THINH',N'TRINHVANTHINH','karaoke4t',N'TRINHVANTHINH@gmail.com')
INSERT[dbo].[TaiKhoan]([maTK],[tenNV],[tenTK],[MK],[email] )VALUES(N'TK017',N'NGUYEN THI THANH',N'NGUYENTHITHANHTHUY','karaoke4t',N'NGUYENTHITHANHTHUY@gmail.com')
INSERT[dbo].[TaiKhoan]([maTK],[tenNV],[tenTK],[MK],[email] )VALUES(N'TK018',N'NGUYEN VAN VINH',N'NGUYENVANVINH','karaoke4t',N'NGUYENVANVINH@gmail.com')
INSERT[dbo].[TaiKhoan]([maTK],[tenNV],[tenTK],[MK],[email] )VALUES(N'TK019',N'NGUYEN THI SANG',N'NGUYENTHISANG','karaoke4t',N'NGUYENTHISANG@gmail.com')
INSERT[dbo].[TaiKhoan]([maTK],[tenNV],[tenTK],[MK],[email] )VALUES(N'TK020',N'TON TIEN QUANG HAO',N'TONTIENQUANGHAO','karaoke4t',N'TONTIENQUANGHAO@gmail.com')
INSERT[dbo].[TaiKhoan]([maTK],[tenNV],[tenTK],[MK],[email] )VALUES(N'TK021',N'HUYNH THI ANH HUNG',N'HUYNHTHIANHHUNG','karaoke4t',N'HUYNHTHIANHHUNG@gmail.com')
INSERT[dbo].[TaiKhoan]([maTK],[tenNV],[tenTK],[MK],[email] )VALUES(N'TK022',N'LE THANH LOI',N'LETHANHLOI','karaoke4t',N'LETHANHLOI@gmail.com')
INSERT[dbo].[TaiKhoan]([maTK],[tenNV],[tenTK],[MK],[email] )VALUES(N'TK023',N'PHAM HIEN NHAN',N'PHAMHIENNHAN','karaoke4t',N'PHAMHIENNHAN@gmail.com')
INSERT[dbo].[TaiKhoan]([maTK],[tenNV],[tenTK],[MK],[email] )VALUES(N'TK024',N'NGO THI BAY',N'NGOTHIBAY','karaoke4t',N'NGOTHIBAY@gmail.com')
INSERT[dbo].[TaiKhoan]([maTK],[tenNV],[tenTK],[MK],[email] )VALUES(N'TK025',N'NGUYEN LE MINH SANG',N'NGUYENLEMINHSANG','karaoke4t',N'NGUYENLEMINHSANG@gmail.com')
INSERT[dbo].[TaiKhoan]([maTK],[tenNV],[tenTK],[MK],[email] )VALUES(N'TK026',N'NGUYEN THI TU LIEN',N'NGUYENTHITULIEN','karaoke4t',N'NGUYENTHITULIEN@gmail.com')
INSERT[dbo].[TaiKhoan]([maTK],[tenNV],[tenTK],[MK],[email] )VALUES(N'TK027',N'NGUYEN THI PHU LIEN',N'NGUYENTHIPHULIEN','karaoke4t',N'NGUYENTHIPHULIEN@gmail.com')
INSERT[dbo].[TaiKhoan]([maTK],[tenNV],[tenTK],[MK],[email] )VALUES(N'TK028',N'SUHCANGHY',N'SUHCANGHY','karaoke4t',N'SUHCANGHY@gmail.com')
INSERT[dbo].[TaiKhoan]([maTK],[tenNV],[tenTK],[MK],[email] )VALUES(N'TK029',N'NGUYEN KIM NAM',N'NGUYENKIMNAM','karaoke4t',N'NGUYENKIMNAM@gmail.com')
INSERT[dbo].[TaiKhoan]([maTK],[tenNV],[tenTK],[MK],[email] )VALUES(N'TK030',N'TRINH THI XIEM',N'TRINHTHIXIEM','karaoke4t',N'TRINHTHIXIEM@gmail.com')
INSERT[dbo].[TaiKhoan]([maTK],[tenNV],[tenTK],[MK],[email] )VALUES(N'TK031',N'ÐINH THANH SANG',N'ÐINHTHANHSANG','karaoke4t',N'ÐINHTHANHSANG@gmail.com')
INSERT[dbo].[TaiKhoan]([maTK],[tenNV],[tenTK],[MK],[email] )VALUES(N'TK032',N'LE HOANG TRINHG',N'LEHOANGTRINHG','karaoke4t',N'LEHOANGTRINHG@gmail.com')
INSERT[dbo].[TaiKhoan]([maTK],[tenNV],[tenTK],[MK],[email] )VALUES(N'TK033',N'HUYNH THI HOANG NGA',N'HUYNHTHIHOANGNGA','karaoke4t',N'HUYNHTHIHOANGNGA@gmail.com')
INSERT[dbo].[TaiKhoan]([maTK],[tenNV],[tenTK],[MK],[email] )VALUES(N'TK034',N'LAM NGOC PHUYNG',N'LAMNGOCPHUYNG','karaoke4t',N'LAMNGOCPHUYNG@gmail.com')
INSERT[dbo].[TaiKhoan]([maTK],[tenNV],[tenTK],[MK],[email] )VALUES(N'TK035',N'NGUYEN THI KIM NGAN',N'NGUYENTHIKIMNGAN','karaoke4t',N'NGUYENTHIKIMNGAN@gmail.com')
INSERT[dbo].[TaiKhoan]([maTK],[tenNV],[tenTK],[MK],[email] )VALUES(N'TK036',N'NGUYEN NGOC MI',N'NGUYENNGOCMI','karaoke4t',N'NGUYENNGOCMI@gmail.com')
INSERT[dbo].[TaiKhoan]([maTK],[tenNV],[tenTK],[MK],[email] )VALUES(N'TK037',N'LE THI THU HA',N'LETHITHUHA','karaoke4t',N'LETHITHUHA@gmail.com')
INSERT[dbo].[TaiKhoan]([maTK],[tenNV],[tenTK],[MK],[email] )VALUES(N'TK038',N'NGUYEN THI CUC',N'NGUYENTHICUC','karaoke4t',N'NGUYENTHICUC@gmail.com')
INSERT[dbo].[TaiKhoan]([maTK],[tenNV],[tenTK],[MK],[email] )VALUES(N'TK039',N'HUYNH THI HOANG NGA',N'HUYNHTHIHOANGNGA','karaoke4t',N'HUYNHTHIHOANGNGA@gmail.com')
INSERT[dbo].[TaiKhoan]([maTK],[tenNV],[tenTK],[MK],[email] )VALUES(N'TK040',N'NGUYEN HOANG HIEN',N'NGUYENHOANGHIEN','karaoke4t',N'NGUYENHOANGHIEN@gmail.com')
INSERT[dbo].[TaiKhoan]([maTK],[tenNV],[tenTK],[MK],[email] )VALUES(N'TK041',N'TRA THI TUYET THU',N'TRATHITUYETTHU','karaoke4t',N'TRATHITUYETTHU@gmail.com')
INSERT[dbo].[TaiKhoan]([maTK],[tenNV],[tenTK],[MK],[email] )VALUES(N'TK042',N'PHIM THI VIET',N'PHIMTHIVIET','karaoke4t',N'PHIMTHIVIET@gmail.com')
INSERT[dbo].[TaiKhoan]([maTK],[tenNV],[tenTK],[MK],[email] )VALUES(N'TK043',N'TRINH MINH TUAN',N'TRINHMINHTUAN','karaoke4t',N'TRINHMINHTUAN@gmail.com')
INSERT[dbo].[TaiKhoan]([maTK],[tenNV],[tenTK],[MK],[email] )VALUES(N'TK044',N'TRINH VAN ÐONG',N'TRINHVANÐONG','karaoke4t',N'TRINHVANÐONG@gmail.com')
INSERT[dbo].[TaiKhoan]([maTK],[tenNV],[tenTK],[MK],[email] )VALUES(N'TK045',N'LUONG THANH PHUC',N'LUONGTHANHPHUC','karaoke4t',N'LUONGTHANHPHUC@gmail.com')
INSERT[dbo].[TaiKhoan]([maTK],[tenNV],[tenTK],[MK],[email] )VALUES(N'TK046',N'NGUYEN NGOC ÐING',N'NGUYENNGOCÐING','karaoke4t',N'NGUYENNGOCÐING@gmail.com')
INSERT[dbo].[TaiKhoan]([maTK],[tenNV],[tenTK],[MK],[email] )VALUES(N'TK047',N'HUYNH VAN NGA',N'HUYNHVANNGA','karaoke4t',N'HUYNHVANNGA@gmail.com')
INSERT[dbo].[TaiKhoan]([maTK],[tenNV],[tenTK],[MK],[email] )VALUES(N'TK048',N'TRINHH HIEN ÐANG',N'TRINHHHIENÐANG','karaoke4t',N'TRINHHHIENÐANG@gmail.com')
INSERT[dbo].[TaiKhoan]([maTK],[tenNV],[tenTK],[MK],[email] )VALUES(N'TK049',N'NGUYEN THIMI PHUYNG',N'NGUYENTHIMIPHUYNG','karaoke4t',N'NGUYENTHIMIPHUYNG@gmail.com')
INSERT[dbo].[TaiKhoan]([maTK],[tenNV],[tenTK],[MK],[email] )VALUES(N'TK050',N'LETHANH PHOANG',N'LETHANHPHOANG','karaoke4t',N'LETHANHPHOANG@gmail.com')
INSERT[dbo].[TaiKhoan]([maTK],[tenNV],[tenTK],[MK],[email] )VALUES(N'TK051',N'TRINH VAN THING',N'TRINHVANTHING','karaoke4t',N'TRINHVANTHING@gmail.com')
INSERT[dbo].[TaiKhoan]([maTK],[tenNV],[tenTK],[MK],[email] )VALUES(N'TK052',N'NGUYEN ÐINH PHONG',N'NGUYENÐINHPHONG','karaoke4t',N'NGUYENÐINHPHONG@gmail.com')
INSERT[dbo].[TaiKhoan]([maTK],[tenNV],[tenTK],[MK],[email] )VALUES(N'TK053',N'NGUYEN THI PHUONG DUNG',N'NGUYENTHIPHUONGDUNG','karaoke4t',N'NGUYENTHIPHUONGDUNG@gmail.com')
INSERT[dbo].[TaiKhoan]([maTK],[tenNV],[tenTK],[MK],[email] )VALUES(N'TK054',N'DUONG THI THUY TRANG',N'DUONGTHITHUYTRANG','karaoke4t',N'DUONGTHITHUYTRANG@gmail.com')
INSERT[dbo].[TaiKhoan]([maTK],[tenNV],[tenTK],[MK],[email] )VALUES(N'TK055',N'DI THU HUONG',N'DITHUHUONG','karaoke4t',N'DITHUHUONG@gmail.com')
INSERT[dbo].[TaiKhoan]([maTK],[tenNV],[tenTK],[MK],[email] )VALUES(N'TK056',N'NGUYEN THANH QUYIN',N'NGUYENTHANHQUYIN','karaoke4t',N'NGUYENTHANHQUYIN@gmail.com')
INSERT[dbo].[TaiKhoan]([maTK],[tenNV],[tenTK],[MK],[email] )VALUES(N'TK057',N'TRINHTHANHHIEN',N'TRINHTHANHHIEN','karaoke4t',N'TRINHTHANHHIEN@gmail.com')
INSERT[dbo].[TaiKhoan]([maTK],[tenNV],[tenTK],[MK],[email] )VALUES(N'TK058',N'UNG THANHC ONG',N'HUNGTHANHCONG','karaoke4t',N'HUNGTHANHCONG@gmail.com')
INSERT[dbo].[TaiKhoan]([maTK],[tenNV],[tenTK],[MK],[email] )VALUES(N'TK059',N'TRINH QUOC TUAN',N'TRINHQUOCTUAN','karaoke4t',N'TRINHQUOCTUAN@gmail.com')
SELECT * FROM [dbo].[TaiKhoan]
go




go

INSERT [dbo].[NhanVien] ([maNV], [gioiTinh], [tenNV], [ngaySinh], [CMND], [SDT], [trangThaiLamViec],[maLNV], [maTK],[diaChi] ) VALUES (N'NVAA0001', N'Nam', N'Admin', N'2001-01-01 00:00:00.0000000', N'999999999', N'9999999999',N'Đang làm',N'LNV002','TK001',N'Phường Hòa An,Quận Cẩm Lệ,Thành phố Đà Nẵng' )
INSERT [dbo].[NhanVien] ([maNV], [gioiTinh], [tenNV], [ngaySinh], [CMND], [SDT], [trangThaiLamViec],[maLNV], [maTK],[diaChi] ) VALUES (N'NVAA0002', N'Nam', N'Truong Dai Loc', N'2001-01-01 00:00:00.0000000', N'856378092', N'0945601318',N'Đang làm',N'LNV002','TK002',N'Phường Hòa An,Quận Cẩm Lệ,Thành phố Đà Nẵng' )
INSERT [dbo].[NhanVien] ([maNV], [gioiTinh], [tenNV], [ngaySinh], [CMND], [SDT], [trangThaiLamViec],[maLNV], [maTK],[diaChi] ) VALUES (N'NVAA0003', N'Nam', N'Mai Ho Thien Thach', N'2001-01-01 00:00:00.0000000', N'745715032', N'0945601319',N'Đang làm',N'LNV002','TK003',N'Phường Hòa An,Quận Cẩm Lệ,Thành phố Đà Nẵng' )
INSERT [dbo].[NhanVien] ([maNV], [gioiTinh], [tenNV], [ngaySinh], [CMND], [SDT], [trangThaiLamViec],[maLNV], [maTK],[diaChi] ) VALUES (N'NVAA0004', N'Nam', N'Phan Nguyen Dai Duong', N'2001-01-01 00:00:00.0000000', N'612348590', N'0945601320',N'Đang làm',N'LNV002','TK004',N'Phường Hòa An,Quận Cẩm Lệ,Thành phố Đà Nẵng' )
INSERT [dbo].[NhanVien] ([maNV], [gioiTinh], [tenNV], [ngaySinh], [CMND], [SDT], [trangThaiLamViec],[maLNV], [maTK],[diaChi] ) VALUES (N'NVAA0005', N'Nam', N'TR?N THANH NAM', N'2001-01-01 00:00:00.0000000', N'939364414', N'0945601321',N'Đang làm',N'LNV002','TK005',N'Phường Hòa An,Quận Cẩm Lệ,Thành phố Đà Nẵng' )
INSERT [dbo].[NhanVien] ([maNV], [gioiTinh], [tenNV], [ngaySinh], [CMND], [SDT], [trangThaiLamViec],[maLNV], [maTK],[diaChi] ) VALUES (N'NVAA0006', N'Nu', N'ÐÀO MINH TUY?T', N'2001-01-01 00:00:00.0000000', N'856370984', N'0945601322',N'Đang làm',N'LNV002','TK006',N'Phường Hòa An,Quận Cẩm Lệ,Thành phố Đà Nẵng' )
INSERT [dbo].[NhanVien] ([maNV], [gioiTinh], [tenNV], [ngaySinh], [CMND], [SDT], [trangThaiLamViec],[maLNV], [maTK],[diaChi] ) VALUES (N'NVAA0007', N'Nu', N'HU?NH HI?U TH?O', N'2001-01-01 00:00:00.0000000', N'728609067', N'0945601323',N'Đang làm',N'LNV002','TK007',N'Phường Hòa An,Quận Cẩm Lệ,Thành phố Đà Nẵng' )
INSERT [dbo].[NhanVien] ([maNV], [gioiTinh], [tenNV], [ngaySinh], [CMND], [SDT], [trangThaiLamViec],[maLNV], [maTK],[diaChi] ) VALUES (N'NVAA0008', N'Nu', N'NGUY?N TH? THANH VÂN', N'2001-01-01 00:00:00.0000000', N'691694850', N'0945601324',N'Đang làm',N'LNV002','TK008',N'Phường Hòa An,Quận Cẩm Lệ,Thành phố Đà Nẵng' )
INSERT [dbo].[NhanVien] ([maNV], [gioiTinh], [tenNV], [ngaySinh], [CMND], [SDT], [trangThaiLamViec],[maLNV], [maTK],[diaChi] ) VALUES (N'NVAA0009', N'Nam', N'NGUY?N VAN CHUONG', N'2001-01-01 00:00:00.0000000', N'130891152', N'0945601325',N'Đang làm',N'LNV002','TK009',N'Phường Hòa An,Quận Cẩm Lệ,Thành phố Đà Nẵng' )
INSERT [dbo].[NhanVien] ([maNV], [gioiTinh], [tenNV], [ngaySinh], [CMND], [SDT], [trangThaiLamViec],[maLNV], [maTK],[diaChi] ) VALUES (N'NVAA0010', N'Nu', N'HÀ TH? NG?C ÁNH', N'2001-01-01 00:00:00.0000000', N'577742431', N'0945601326',N'Đang làm',N'LNV002','TK010',N'Phường Hòa An,Quận Cẩm Lệ,Thành phố Đà Nẵng' )
INSERT [dbo].[NhanVien] ([maNV], [gioiTinh], [tenNV], [ngaySinh], [CMND], [SDT], [trangThaiLamViec],[maLNV], [maTK],[diaChi] ) VALUES (N'NVAA0011', N'Nu', N'LÊ TH? R?T', N'2001-01-01 00:00:00.0000000', N'609929488', N'0945601327',N'Đang làm',N'LNV002','TK011',N'Phường Hòa An,Quận Cẩm Lệ,Thành phố Đà Nẵng' )
INSERT [dbo].[NhanVien] ([maNV], [gioiTinh], [tenNV], [ngaySinh], [CMND], [SDT], [trangThaiLamViec],[maLNV], [maTK],[diaChi] ) VALUES (N'NVAA0012', N'Nu', N'NGUY?N TH? NG?C TUY?T', N'2001-01-01 00:00:00.0000000', N'936686798', N'0945601328',N'Đang làm',N'LNV002','TK012',N'Phường Hòa An,Quận Cẩm Lệ,Thành phố Đà Nẵng' )
INSERT [dbo].[NhanVien] ([maNV], [gioiTinh], [tenNV], [ngaySinh], [CMND], [SDT], [trangThaiLamViec],[maLNV], [maTK],[diaChi] ) VALUES (N'NVAA0013', N'Nu', N'BÙI NGUY?N NGUY?T DUNG', N'2001-01-01 00:00:00.0000000', N'850520689', N'0945601329',N'Đang làm',N'LNV002','TK013',N'Phường Hòa An,Quận Cẩm Lệ,Thành phố Đà Nẵng' )
INSERT [dbo].[NhanVien] ([maNV], [gioiTinh], [tenNV], [ngaySinh], [CMND], [SDT], [trangThaiLamViec],[maLNV], [maTK],[diaChi] ) VALUES (N'NVAA0014', N'Nam', N'LUU VAN XÂY', N'2001-01-01 00:00:00.0000000', N'809074124', N'0945601330',N'Đang làm',N'LNV002','TK014',N'Phường Hòa An,Quận Cẩm Lệ,Thành phố Đà Nẵng' )
INSERT [dbo].[NhanVien] ([maNV], [gioiTinh], [tenNV], [ngaySinh], [CMND], [SDT], [trangThaiLamViec],[maLNV], [maTK],[diaChi] ) VALUES (N'NVAA0015', N'Nam', N'VU VAN NH?T HÙNG', N'2001-01-01 00:00:00.0000000', N'982617914', N'0945601331',N'Đang làm',N'LNV002','TK015',N'Phường Hòa An,Quận Cẩm Lệ,Thành phố Đà Nẵng' )
INSERT [dbo].[NhanVien] ([maNV], [gioiTinh], [tenNV], [ngaySinh], [CMND], [SDT], [trangThaiLamViec],[maLNV], [maTK],[diaChi] ) VALUES (N'NVAA0016', N'Nam', N'TR?N VAN THI?N', N'2001-01-01 00:00:00.0000000', N'745949172', N'0945601332',N'Đang làm',N'LNV002','TK016',N'Phường Hòa An,Quận Cẩm Lệ,Thành phố Đà Nẵng' )
INSERT [dbo].[NhanVien] ([maNV], [gioiTinh], [tenNV], [ngaySinh], [CMND], [SDT], [trangThaiLamViec],[maLNV], [maTK],[diaChi] ) VALUES (N'NVAA0017', N'Nu', N'NGUY?N TH? THANH THÚY', N'2001-01-01 00:00:00.0000000', N'332652156', N'0945601333',N'Đang làm',N'LNV002','TK017',N'Phường Hòa An,Quận Cẩm Lệ,Thành phố Đà Nẵng' )
INSERT [dbo].[NhanVien] ([maNV], [gioiTinh], [tenNV], [ngaySinh], [CMND], [SDT], [trangThaiLamViec],[maLNV], [maTK],[diaChi] ) VALUES (N'NVAA0018', N'Nam', N'NGUY?N VAN VINH', N'2001-01-01 00:00:00.0000000', N'663280321', N'0945601334',N'Đang làm',N'LNV002','TK018',N'Phường Hòa An,Quận Cẩm Lệ,Thành phố Đà Nẵng' )
INSERT [dbo].[NhanVien] ([maNV], [gioiTinh], [tenNV], [ngaySinh], [CMND], [SDT], [trangThaiLamViec],[maLNV], [maTK],[diaChi] ) VALUES (N'NVAA0019', N'Nu', N'NGUY?N TH? SÁNG', N'2001-01-01 00:00:00.0000000', N'477912976', N'0945601335',N'Đang làm',N'LNV002','TK019',N'Phường Hòa An,Quận Cẩm Lệ,Thành phố Đà Nẵng' )
INSERT [dbo].[NhanVien] ([maNV], [gioiTinh], [tenNV], [ngaySinh], [CMND], [SDT], [trangThaiLamViec],[maLNV], [maTK],[diaChi] ) VALUES (N'NVAA0020', N'Nam', N'T? TI?N QUANG HÀO', N'2001-01-01 00:00:00.0000000', N'214452571', N'0945601336',N'Đang làm',N'LNV002','TK020',N'Phường Hòa An,Quận Cẩm Lệ,Thành phố Đà Nẵng' )
INSERT [dbo].[NhanVien] ([maNV], [gioiTinh], [tenNV], [ngaySinh], [CMND], [SDT], [trangThaiLamViec],[maLNV], [maTK],[diaChi] ) VALUES (N'NVAA0021', N'Nu', N'HU?NH TH? ÁNH H?NG', N'2001-01-01 00:00:00.0000000', N'777721195', N'0945601337',N'Đang làm',N'LNV002','TK021',N'Phường Hòa An,Quận Cẩm Lệ,Thành phố Đà Nẵng' )
INSERT [dbo].[NhanVien] ([maNV], [gioiTinh], [tenNV], [ngaySinh], [CMND], [SDT], [trangThaiLamViec],[maLNV], [maTK],[diaChi] ) VALUES (N'NVAA0022', N'Nam', N'LÊ THÀNH L?I', N'2001-01-01 00:00:00.0000000', N'346424043', N'0945601338',N'Đang làm',N'LNV002','TK022',N'Xã Hòa Nhơn,Huyện Hòa Vang,Thành phố Đà Nẵng' )
INSERT [dbo].[NhanVien] ([maNV], [gioiTinh], [tenNV], [ngaySinh], [CMND], [SDT], [trangThaiLamViec],[maLNV], [maTK],[diaChi] ) VALUES (N'NVAA0023', N'Nam', N'PH?M HI?N NHÂN', N'2001-01-01 00:00:00.0000000', N'801546389', N'0945601339',N'Đang làm',N'LNV002','TK023',N'Xã Hòa Nhơn,Huyện Hòa Vang,Thành phố Đà Nẵng' )
INSERT [dbo].[NhanVien] ([maNV], [gioiTinh], [tenNV], [ngaySinh], [CMND], [SDT], [trangThaiLamViec],[maLNV], [maTK],[diaChi] ) VALUES (N'NVAA0024', N'Nu', N'NGÔ TH? B?Y', N'2001-01-01 00:00:00.0000000', N'629316102', N'0945601340',N'Đang làm',N'LNV002','TK024',N'Xã Hòa Nhơn,Huyện Hòa Vang,Thành phố Đà Nẵng' )
INSERT [dbo].[NhanVien] ([maNV], [gioiTinh], [tenNV], [ngaySinh], [CMND], [SDT], [trangThaiLamViec],[maLNV], [maTK],[diaChi] ) VALUES (N'NVAA0025', N'Nam', N'NGUY?N LÊ MINH SANG', N'2001-01-01 00:00:00.0000000', N'676768538', N'0945601341',N'Đang làm',N'LNV002','TK025',N'Xã Hòa Nhơn,Huyện Hòa Vang,Thành phố Đà Nẵng' )
INSERT [dbo].[NhanVien] ([maNV], [gioiTinh], [tenNV], [ngaySinh], [CMND], [SDT], [trangThaiLamViec],[maLNV], [maTK],[diaChi] ) VALUES (N'NVAA0026', N'Nu', N'NGUY?N TH? TÚ LIÊN', N'2001-01-01 00:00:00.0000000', N'916617429', N'0945601342',N'Đang làm',N'LNV002','TK026',N'Xã Hòa Nhơn,Huyện Hòa Vang,Thành phố Đà Nẵng' )
INSERT [dbo].[NhanVien] ([maNV], [gioiTinh], [tenNV], [ngaySinh], [CMND], [SDT], [trangThaiLamViec],[maLNV], [maTK],[diaChi] ) VALUES (N'NVAA0027', N'Nu', N'NGUY?N TH? PHÚ LIÊN', N'2001-01-01 00:00:00.0000000', N'162526565', N'0945601343',N'Đang làm',N'LNV002','TK027',N'Xã Hòa Nhơn,Huyện Hòa Vang,Thành phố Đà Nẵng' )
INSERT [dbo].[NhanVien] ([maNV], [gioiTinh], [tenNV], [ngaySinh], [CMND], [SDT], [trangThaiLamViec],[maLNV], [maTK],[diaChi] ) VALUES (N'NVAA0028', N'Nam', N'SUH CANG HY', N'2001-01-01 00:00:00.0000000', N'819658551', N'0945601344',N'Đang làm',N'LNV002','TK028',N'Xã Hòa Nhơn,Huyện Hòa Vang,Thành phố Đà Nẵng' )
INSERT [dbo].[NhanVien] ([maNV], [gioiTinh], [tenNV], [ngaySinh], [CMND], [SDT], [trangThaiLamViec],[maLNV], [maTK],[diaChi] ) VALUES (N'NVAA0029', N'Nam', N'NGUY?N K? NAM', N'2001-01-01 00:00:00.0000000', N'561502289', N'0945601345',N'Đang làm',N'LNV002','TK029',N'Xã Hòa Nhơn,Huyện Hòa Vang,Thành phố Đà Nẵng' )
INSERT [dbo].[NhanVien] ([maNV], [gioiTinh], [tenNV], [ngaySinh], [CMND], [SDT], [trangThaiLamViec],[maLNV], [maTK],[diaChi] ) VALUES (N'NVAA0030', N'Nu', N'TR?N TH? XIÊM', N'2001-01-01 00:00:00.0000000', N'518456812', N'0945601346',N'Đang làm',N'LNV002','TK030',N'Xã Hòa Nhơn,Huyện Hòa Vang,Thành phố Đà Nẵng' )
INSERT [dbo].[NhanVien] ([maNV], [gioiTinh], [tenNV], [ngaySinh], [CMND], [SDT], [trangThaiLamViec],[maLNV], [maTK],[diaChi] ) VALUES (N'NVAA0031', N'Nam', N'ÐINH THANH SANG', N'2001-01-01 00:00:00.0000000', N'497112385', N'0945601347',N'Đang làm',N'LNV002','TK031',N'Xã Hòa Nhơn,Huyện Hòa Vang,Thành phố Đà Nẵng' )
INSERT [dbo].[NhanVien] ([maNV], [gioiTinh], [tenNV], [ngaySinh], [CMND], [SDT], [trangThaiLamViec],[maLNV], [maTK],[diaChi] ) VALUES (N'NVAA0032', N'Nam', N'LÊ HOÀNG TR?NG', N'2001-01-01 00:00:00.0000000', N'118705679', N'0945601348',N'Đang làm',N'LNV002','TK032',N'Xã Hòa Nhơn,Huyện Hòa Vang,Thành phố Đà Nẵng' )
INSERT [dbo].[NhanVien] ([maNV], [gioiTinh], [tenNV], [ngaySinh], [CMND], [SDT], [trangThaiLamViec],[maLNV], [maTK],[diaChi] ) VALUES (N'NVAA0033', N'Nu', N'HU?NH TH? H?NG NGA', N'2001-01-01 00:00:00.0000000', N'228860116', N'0945601349',N'Đang làm',N'LNV002','TK033',N'Xã Hòa Nhơn,Huyện Hòa Vang,Thành phố Đà Nẵng' )
INSERT [dbo].[NhanVien] ([maNV], [gioiTinh], [tenNV], [ngaySinh], [CMND], [SDT], [trangThaiLamViec],[maLNV], [maTK],[diaChi] ) VALUES (N'NVAA0034', N'Nam', N'LÂM NG?C PHU?NG', N'2001-01-01 00:00:00.0000000', N'265099490', N'0945601350',N'Đang làm',N'LNV002','TK034',N'Xã Hòa Nhơn,Huyện Hòa Vang,Thành phố Đà Nẵng' )
INSERT [dbo].[NhanVien] ([maNV], [gioiTinh], [tenNV], [ngaySinh], [CMND], [SDT], [trangThaiLamViec],[maLNV], [maTK],[diaChi] ) VALUES (N'NVAA0035', N'Nu', N'NGUY?N TH? KIM NGÂN', N'2001-01-01 00:00:00.0000000', N'847266784', N'0945601351',N'Đang làm',N'LNV002','TK035',N'Xã Hòa Nhơn,Huyện Hòa Vang,Thành phố Đà Nẵng' )
INSERT [dbo].[NhanVien] ([maNV], [gioiTinh], [tenNV], [ngaySinh], [CMND], [SDT], [trangThaiLamViec],[maLNV], [maTK],[diaChi] ) VALUES (N'NVAA0036', N'Nu', N'NGUY?N NG?C M?', N'2001-01-01 00:00:00.0000000', N'719705897', N'0945601352',N'Đang làm',N'LNV002','TK036',N'Xã Hòa Nhơn,Huyện Hòa Vang,Thành phố Đà Nẵng' )
INSERT [dbo].[NhanVien] ([maNV], [gioiTinh], [tenNV], [ngaySinh], [CMND], [SDT], [trangThaiLamViec],[maLNV], [maTK],[diaChi] ) VALUES (N'NVAA0037', N'Nu', N'LÊ TH? THU HÀ', N'2001-01-01 00:00:00.0000000', N'852272269', N'0945601353',N'Đang làm',N'LNV002','TK037',N'Xã Hòa Nhơn,Huyện Hòa Vang,Thành phố Đà Nẵng' )
INSERT [dbo].[NhanVien] ([maNV], [gioiTinh], [tenNV], [ngaySinh], [CMND], [SDT], [trangThaiLamViec],[maLNV], [maTK],[diaChi] ) VALUES (N'NVAA0038', N'Nu', N'NGUY?N TH? CÚC', N'2001-01-01 00:00:00.0000000', N'490259507', N'0945601354',N'Đang làm',N'LNV002','TK038',N'Xã Hòa Nhơn,Huyện Hòa Vang,Thành phố Đà Nẵng' )
INSERT [dbo].[NhanVien] ([maNV], [gioiTinh], [tenNV], [ngaySinh], [CMND], [SDT], [trangThaiLamViec],[maLNV], [maTK],[diaChi] ) VALUES (N'NVAA0039', N'Nu', N'HU?NH TH? H?NG NGA', N'2001-01-01 00:00:00.0000000', N'975145490', N'0945601355',N'Đang làm',N'LNV002','TK039',N'Xã Hòa Nhơn,Huyện Hòa Vang,Thành phố Đà Nẵng' )
INSERT [dbo].[NhanVien] ([maNV], [gioiTinh], [tenNV], [ngaySinh], [CMND], [SDT], [trangThaiLamViec],[maLNV], [maTK],[diaChi] ) VALUES (N'NVAA0040', N'Nam', N'NGUY?N H?NG H?I', N'2001-01-01 00:00:00.0000000', N'251699858', N'0945601356',N'Đang làm',N'LNV002','TK040',N'Xã Hòa Nhơn,Huyện Hòa Vang,Thành phố Đà Nẵng' )
INSERT [dbo].[NhanVien] ([maNV], [gioiTinh], [tenNV], [ngaySinh], [CMND], [SDT], [trangThaiLamViec],[maLNV], [maTK],[diaChi] ) VALUES (N'NVAA0041', N'Nu', N'TRÀ TH? TUY?T THU', N'2001-01-01 00:00:00.0000000', N'424586968', N'0945601357',N'Đang làm',N'LNV002','TK041',N'Xã Hòa Nhơn,Huyện Hòa Vang,Thành phố Đà Nẵng' )
INSERT [dbo].[NhanVien] ([maNV], [gioiTinh], [tenNV], [ngaySinh], [CMND], [SDT], [trangThaiLamViec],[maLNV], [maTK],[diaChi] ) VALUES (N'NVAA0042', N'Nu', N'PH?M TH? VI?T', N'2001-01-01 00:00:00.0000000', N'600804186', N'0945601358',N'Đang làm',N'LNV002','TK042',N'Xã Hòa Nhơn,Huyện Hòa Vang,Thành phố Đà Nẵng' )
INSERT [dbo].[NhanVien] ([maNV], [gioiTinh], [tenNV], [ngaySinh], [CMND], [SDT], [trangThaiLamViec],[maLNV], [maTK],[diaChi] ) VALUES (N'NVAA0043', N'Nam', N'TR?N MINH TU?N', N'2001-01-01 00:00:00.0000000', N'563153298', N'0945601359',N'Đang làm',N'LNV002','TK043',N'Xã Hòa Nhơn,Huyện Hòa Vang,Thành phố Đà Nẵng' )
INSERT [dbo].[NhanVien] ([maNV], [gioiTinh], [tenNV], [ngaySinh], [CMND], [SDT], [trangThaiLamViec],[maLNV], [maTK],[diaChi] ) VALUES (N'NVAA0044', N'Nam', N'TR?N VAN ÐÔNG', N'2001-01-01 00:00:00.0000000', N'267185145', N'0945601360',N'Đang làm',N'LNV002','TK044',N'Xã Hòa Nhơn,Huyện Hòa Vang,Thành phố Đà Nẵng' )
INSERT [dbo].[NhanVien] ([maNV], [gioiTinh], [tenNV], [ngaySinh], [CMND], [SDT], [trangThaiLamViec],[maLNV], [maTK],[diaChi] ) VALUES (N'NVAA0045', N'Nam', N'LUONG THÀNH PHÚC', N'2001-01-01 00:00:00.0000000', N'446044855', N'0945601361',N'Đang làm',N'LNV002','TK045',N'Xã Hòa Nhơn,Huyện Hòa Vang,Thành phố Đà Nẵng' )
INSERT [dbo].[NhanVien] ([maNV], [gioiTinh], [tenNV], [ngaySinh], [CMND], [SDT], [trangThaiLamViec],[maLNV], [maTK],[diaChi] ) VALUES (N'NVAA0046', N'Nam', N'NGUY?N NG?C Ð?NG', N'2001-01-01 00:00:00.0000000', N'574583404', N'0945601362',N'Đang làm',N'LNV002','TK046',N'Xã Hòa Nhơn,Huyện Hòa Vang,Thành phố Đà Nẵng' )
INSERT [dbo].[NhanVien] ([maNV], [gioiTinh], [tenNV], [ngaySinh], [CMND], [SDT], [trangThaiLamViec],[maLNV], [maTK],[diaChi] ) VALUES (N'NVAA0047', N'Nam', N'HU?NH VAN NGÀ', N'2001-01-01 00:00:00.0000000', N'128312574', N'0945601363',N'Đang làm',N'LNV002','TK047',N'Xã Hòa Nhơn,Huyện Hòa Vang,Thành phố Đà Nẵng' )
INSERT [dbo].[NhanVien] ([maNV], [gioiTinh], [tenNV], [ngaySinh], [CMND], [SDT], [trangThaiLamViec],[maLNV], [maTK],[diaChi] ) VALUES (N'NVAA0048', N'Nam', N'TR?NH H?I ÐANG', N'2001-01-01 00:00:00.0000000', N'185331584', N'0945601364',N'Đang làm',N'LNV002','TK048',N'Xã Hòa Nhơn,Huyện Hòa Vang,Thành phố Đà Nẵng' )
INSERT [dbo].[NhanVien] ([maNV], [gioiTinh], [tenNV], [ngaySinh], [CMND], [SDT], [trangThaiLamViec],[maLNV], [maTK],[diaChi] ) VALUES (N'NVAA0049', N'Nu', N'NGUY?N TH? M? PHU?NG', N'2001-01-01 00:00:00.0000000', N'238534722', N'0945601365',N'Đang làm',N'LNV002','TK049',N'Xã Hòa Nhơn,Huyện Hòa Vang,Thành phố Đà Nẵng' )
INSERT [dbo].[NhanVien] ([maNV], [gioiTinh], [tenNV], [ngaySinh], [CMND], [SDT], [trangThaiLamViec],[maLNV], [maTK],[diaChi] ) VALUES (N'NVAA0050', N'Nam', N'LÊ THANH PH?NG', N'2001-01-01 00:00:00.0000000', N'382302194', N'0945601366',N'Đang làm',N'LNV002','TK050',N'Xã Hòa Nhơn,Huyện Hòa Vang,Thành phố Đà Nẵng' )
INSERT [dbo].[NhanVien] ([maNV], [gioiTinh], [tenNV], [ngaySinh], [CMND], [SDT], [trangThaiLamViec],[maLNV], [maTK],[diaChi] ) VALUES (N'NVAA0051', N'Nam', N'TR?N VAN TH?NG', N'2001-01-01 00:00:00.0000000', N'487529764', N'0945601367',N'Đang làm',N'LNV002','TK051',N'Xã Hòa Nhơn,Huyện Hòa Vang,Thành phố Đà Nẵng' )
INSERT [dbo].[NhanVien] ([maNV], [gioiTinh], [tenNV], [ngaySinh], [CMND], [SDT], [trangThaiLamViec],[maLNV], [maTK],[diaChi] ) VALUES (N'NVAA0052', N'Nam', N'NGUY?N ÐÌNH PHONG', N'2001-01-01 00:00:00.0000000', N'826931275', N'0945601368',N'Đang làm',N'LNV002','TK052',N'Xã Hòa Nhơn,Huyện Hòa Vang,Thành phố Đà Nẵng' )
INSERT [dbo].[NhanVien] ([maNV], [gioiTinh], [tenNV], [ngaySinh], [CMND], [SDT], [trangThaiLamViec],[maLNV], [maTK],[diaChi] ) VALUES (N'NVAA0053', N'Nu', N'NGUY?N TH? PHUONG DUNG', N'2001-01-01 00:00:00.0000000', N'187612904', N'0945601369',N'Đang làm',N'LNV002','TK053',N'Xã Hòa Nhơn,Huyện Hòa Vang,Thành phố Đà Nẵng' )
INSERT [dbo].[NhanVien] ([maNV], [gioiTinh], [tenNV], [ngaySinh], [CMND], [SDT], [trangThaiLamViec],[maLNV], [maTK],[diaChi] ) VALUES (N'NVAA0054', N'Nu', N'DUONG TH? THÙY TRANG', N'2001-01-01 00:00:00.0000000', N'658990706', N'0945601370',N'Đang làm',N'LNV002','TK054',N'Phường Thới Hòa,Quận Ô Môn,Thành phố Cần Thơ')
INSERT [dbo].[NhanVien] ([maNV], [gioiTinh], [tenNV], [ngaySinh], [CMND], [SDT], [trangThaiLamViec],[maLNV], [maTK],[diaChi] ) VALUES (N'NVAA0055', N'Nu', N'Ð? THU HUONG', N'2001-01-01 00:00:00.0000000', N'218690496', N'0945601371',N'Đang làm',N'LNV002','TK055',N'Phường Thới Hòa,Quận Ô Môn,Thành phố Cần Thơ')
INSERT [dbo].[NhanVien] ([maNV], [gioiTinh], [tenNV], [ngaySinh], [CMND], [SDT], [trangThaiLamViec],[maLNV], [maTK],[diaChi] ) VALUES (N'NVAA0056', N'Nam', N'NGUY?N THANH QUY?N', N'2001-01-01 00:00:00.0000000', N'976326214', N'0945601372',N'Đang làm',N'LNV002','TK056',N'Phường Thới Hòa,Quận Ô Môn,Thành phố Cần Thơ')
INSERT [dbo].[NhanVien] ([maNV], [gioiTinh], [tenNV], [ngaySinh], [CMND], [SDT], [trangThaiLamViec],[maLNV], [maTK],[diaChi] ) VALUES (N'NVAA0057', N'Nam', N'TR?N THANH H?I', N'2001-01-01 00:00:00.0000000', N'598938981', N'0945601373',N'Đang làm',N'LNV002','TK057',N'Phường Thới Hòa,Quận Ô Môn,Thành phố Cần Thơ')
INSERT [dbo].[NhanVien] ([maNV], [gioiTinh], [tenNV], [ngaySinh], [CMND], [SDT], [trangThaiLamViec],[maLNV], [maTK],[diaChi] ) VALUES (N'NVAA0058', N'Nam', N'HÙNG THÀNH CÔNG', N'2001-01-01 00:00:00.0000000', N'256782607', N'0945601374',N'Đang làm',N'LNV002','TK058',N'Phường Thới Hòa,Quận Ô Môn,Thành phố Cần Thơ')
INSERT [dbo].[NhanVien] ([maNV], [gioiTinh], [tenNV], [ngaySinh], [CMND], [SDT], [trangThaiLamViec],[maLNV], [maTK],[diaChi] ) VALUES (N'NVAA0059', N'Nam', N'TR?N QU?C TU?N', N'2001-01-01 00:00:00.0000000', N'458457848', N'0945601375',N'Đang làm',N'LNV002','TK059',N'Phường Thới Hòa,Quận Ô Môn,Thành phố Cần Thơ')
INSERT [dbo].[NhanVien] ([maNV], [gioiTinh], [tenNV], [ngaySinh], [CMND], [SDT], [trangThaiLamViec],[maLNV], [maTK],[diaChi] ) VALUES (N'NVAA0060', N'Nam', N'H? NG?C THANH HI?N', N'2001-01-01 00:00:00.0000000', N'787649814', N'0945601376',N'Đang làm',N'LNV002','TK060',N'Phường Thới Hòa,Quận Ô Môn,Thành phố Cần Thơ')
INSERT [dbo].[NhanVien] ([maNV], [gioiTinh], [tenNV], [ngaySinh], [CMND], [SDT], [trangThaiLamViec],[maLNV], [maTK],[diaChi] ) VALUES (N'NVAA0061', N'Nam', N'NGUY?N TH? HÒA', N'2001-01-01 00:00:00.0000000', N'350351733', N'0945601377',N'Đang làm',N'LNV002','TK061',N'Phường Thới Hòa,Quận Ô Môn,Thành phố Cần Thơ')
INSERT [dbo].[NhanVien] ([maNV], [gioiTinh], [tenNV], [ngaySinh], [CMND], [SDT], [trangThaiLamViec],[maLNV], [maTK],[diaChi] ) VALUES (N'NVAA0062', N'Nu', N'NGUY?N TH? Hu?', N'2001-01-01 00:00:00.0000000', N'492637311', N'0945601378',N'Đang làm',N'LNV002','TK062',N'Phường Thới Hòa,Quận Ô Môn,Thành phố Cần Thơ')
INSERT [dbo].[NhanVien] ([maNV], [gioiTinh], [tenNV], [ngaySinh], [CMND], [SDT], [trangThaiLamViec],[maLNV], [maTK],[diaChi] ) VALUES (N'NVAA0063', N'Nam', N'AMELLIA NGUY?N', N'2001-01-01 00:00:00.0000000', N'601658206', N'0945601379',N'Đang làm',N'LNV002','TK063',N'Phường Thới Hòa,Quận Ô Môn,Thành phố Cần Thơ')
INSERT [dbo].[NhanVien] ([maNV], [gioiTinh], [tenNV], [ngaySinh], [CMND], [SDT], [trangThaiLamViec],[maLNV], [maTK],[diaChi] ) VALUES (N'NVAA0064', N'Nam', N'TR?N MINH SON', N'2001-01-01 00:00:00.0000000', N'920633471', N'0945601380',N'Đang làm',N'LNV002','TK064',N'Phường Thới Hòa,Quận Ô Môn,Thành phố Cần Thơ')
INSERT [dbo].[NhanVien] ([maNV], [gioiTinh], [tenNV], [ngaySinh], [CMND], [SDT], [trangThaiLamViec],[maLNV], [maTK],[diaChi] ) VALUES (N'NVAA0065', N'Nu', N'VÂN KIM LIÊN', N'2001-01-01 00:00:00.0000000', N'929368593', N'0945601381',N'Đang làm',N'LNV002','TK065',N'Phường Thới Hòa,Quận Ô Môn,Thành phố Cần Thơ')
INSERT [dbo].[NhanVien] ([maNV], [gioiTinh], [tenNV], [ngaySinh], [CMND], [SDT], [trangThaiLamViec],[maLNV], [maTK],[diaChi] ) VALUES (N'NVAA0066', N'Nu', N'TR?N TH? THU H?NG', N'2001-01-01 00:00:00.0000000', N'102737486', N'0945601382',N'Đang làm',N'LNV002','TK066',N'Phường Thới Hòa,Quận Ô Môn,Thành phố Cần Thơ')
INSERT [dbo].[NhanVien] ([maNV], [gioiTinh], [tenNV], [ngaySinh], [CMND], [SDT], [trangThaiLamViec],[maLNV], [maTK],[diaChi] ) VALUES (N'NVAA0067', N'Nu', N'LÂM TH? PHU?NG', N'2001-01-01 00:00:00.0000000', N'415249659', N'0945601383',N'Đang làm',N'LNV002','TK067',N'Phường Thới Hòa,Quận Ô Môn,Thành phố Cần Thơ')
INSERT [dbo].[NhanVien] ([maNV], [gioiTinh], [tenNV], [ngaySinh], [CMND], [SDT], [trangThaiLamViec],[maLNV], [maTK],[diaChi] ) VALUES (N'NVAA0068', N'Nu', N'TR?N TH? TH?M', N'2001-01-01 00:00:00.0000000', N'545083215', N'0945601384',N'Đang làm',N'LNV002','TK068',N'Phường Thới Hòa,Quận Ô Môn,Thành phố Cần Thơ')
INSERT [dbo].[NhanVien] ([maNV], [gioiTinh], [tenNV], [ngaySinh], [CMND], [SDT], [trangThaiLamViec],[maLNV], [maTK],[diaChi] ) VALUES (N'NVAA0069', N'Nam', N'ÐANG QUANG Ð?T', N'2001-01-01 00:00:00.0000000', N'630248585', N'0945601385',N'Đang làm',N'LNV002','TK069',N'Phường Thới Hòa,Quận Ô Môn,Thành phố Cần Thơ')
INSERT [dbo].[NhanVien] ([maNV], [gioiTinh], [tenNV], [ngaySinh], [CMND], [SDT], [trangThaiLamViec],[maLNV], [maTK],[diaChi] ) VALUES (N'NVAA0070', N'Nam', N'NGUY?N HUY', N'2001-01-01 00:00:00.0000000', N'974705465', N'0945601386',N'Đang làm',N'LNV002','TK070',N'Phường Thới Hòa,Quận Ô Môn,Thành phố Cần Thơ')
INSERT [dbo].[NhanVien] ([maNV], [gioiTinh], [tenNV], [ngaySinh], [CMND], [SDT], [trangThaiLamViec],[maLNV], [maTK],[diaChi] ) VALUES (N'NVAA0071', N'Nam', N'NGUY?N NG?C L?I', N'2001-01-01 00:00:00.0000000', N'312211891', N'0945601387',N'Đang làm',N'LNV002','TK071',N'Phường Thới Hòa,Quận Ô Môn,Thành phố Cần Thơ')
INSERT [dbo].[NhanVien] ([maNV], [gioiTinh], [tenNV], [ngaySinh], [CMND], [SDT], [trangThaiLamViec],[maLNV], [maTK],[diaChi] ) VALUES (N'NVAA0072', N'Nu', N'HU?NH ÐOAN TRANG', N'2001-01-01 00:00:00.0000000', N'218732846', N'0945601388',N'Đang làm',N'LNV002','TK072',N'Phường Thới Hòa,Quận Ô Môn,Thành phố Cần Thơ')
INSERT [dbo].[NhanVien] ([maNV], [gioiTinh], [tenNV], [ngaySinh], [CMND], [SDT], [trangThaiLamViec],[maLNV], [maTK],[diaChi] ) VALUES (N'NVAA0073', N'Nu', N'NGUY?N TH? DI?M PH?NG', N'2001-01-01 00:00:00.0000000', N'288616228', N'0945601389',N'Đang làm',N'LNV002','TK073',N'Phường Thới Hòa,Quận Ô Môn,Thành phố Cần Thơ')
INSERT [dbo].[NhanVien] ([maNV], [gioiTinh], [tenNV], [ngaySinh], [CMND], [SDT], [trangThaiLamViec],[maLNV], [maTK],[diaChi] ) VALUES (N'NVAA0074', N'Nam', N'LÝ MINH HI?U', N'2001-01-01 00:00:00.0000000', N'336351069', N'0945601390',N'Đang làm',N'LNV002','TK074',N'Phường Thới Hòa,Quận Ô Môn,Thành phố Cần Thơ')
INSERT [dbo].[NhanVien] ([maNV], [gioiTinh], [tenNV], [ngaySinh], [CMND], [SDT], [trangThaiLamViec],[maLNV], [maTK],[diaChi] ) VALUES (N'NVAA0075', N'Nam', N'TÔN CH?N VÕ', N'2001-01-01 00:00:00.0000000', N'187611170', N'0945601391',N'Đang làm',N'LNV002','TK075',N'Phường Thới Hòa,Quận Ô Môn,Thành phố Cần Thơ')
INSERT [dbo].[NhanVien] ([maNV], [gioiTinh], [tenNV], [ngaySinh], [CMND], [SDT], [trangThaiLamViec],[maLNV], [maTK],[diaChi] ) VALUES (N'NVAA0076', N'Nam', N'LÝ TRUNG SON', N'2001-01-01 00:00:00.0000000', N'822455970', N'0945601392',N'Đang làm',N'LNV002','TK076',N'Phường Thới Hòa,Quận Ô Môn,Thành phố Cần Thơ')
INSERT [dbo].[NhanVien] ([maNV], [gioiTinh], [tenNV], [ngaySinh], [CMND], [SDT], [trangThaiLamViec],[maLNV], [maTK],[diaChi] ) VALUES (N'NVAA0077', N'Nam', N'NGUY?N HÙNG BÌNH', N'2001-01-01 00:00:00.0000000', N'340598685', N'0945601393',N'Đang làm',N'LNV002','TK077',N'Phường Thới Hòa,Quận Ô Môn,Thành phố Cần Thơ')
INSERT [dbo].[NhanVien] ([maNV], [gioiTinh], [tenNV], [ngaySinh], [CMND], [SDT], [trangThaiLamViec],[maLNV], [maTK],[diaChi] ) VALUES (N'NVAA0078', N'Nu', N'PHAN TH? M? DUNG', N'2001-01-01 00:00:00.0000000', N'957958937', N'0945601394',N'Đang làm',N'LNV002','TK078',N'Phường Thới Hòa,Quận Ô Môn,Thành phố Cần Thơ')
INSERT [dbo].[NhanVien] ([maNV], [gioiTinh], [tenNV], [ngaySinh], [CMND], [SDT], [trangThaiLamViec],[maLNV], [maTK],[diaChi] ) VALUES (N'NVAA0079', N'Nu', N'NGUY?N TH? TH?O', N'2001-01-01 00:00:00.0000000', N'230508097', N'0945601395',N'Đang làm',N'LNV002','TK079',N'Phường Thới Hòa,Quận Ô Môn,Thành phố Cần Thơ')
INSERT [dbo].[NhanVien] ([maNV], [gioiTinh], [tenNV], [ngaySinh], [CMND], [SDT], [trangThaiLamViec],[maLNV], [maTK],[diaChi] ) VALUES (N'NVAA0080', N'Nam', N'NGUY?N HOÀNG ANH', N'2001-01-01 00:00:00.0000000', N'508354413', N'0945601396',N'Đang làm',N'LNV002','TK080',N'Phường Thới Hòa,Quận Ô Môn,Thành phố Cần Thơ')
INSERT [dbo].[NhanVien] ([maNV], [gioiTinh], [tenNV], [ngaySinh], [CMND], [SDT], [trangThaiLamViec],[maLNV], [maTK],[diaChi] ) VALUES (N'NVAA0081', N'Nam', N'VÕ H?U TO?I', N'2001-01-01 00:00:00.0000000', N'819889076', N'0945601397',N'Đang làm',N'LNV002','TK081',N'Phường Thới Hòa,Quận Ô Môn,Thành phố Cần Thơ')
INSERT [dbo].[NhanVien] ([maNV], [gioiTinh], [tenNV], [ngaySinh], [CMND], [SDT], [trangThaiLamViec],[maLNV], [maTK],[diaChi] ) VALUES (N'NVAA0082', N'Nu', N'NGUY?N TH? KHUÊ BÍCH', N'2001-01-01 00:00:00.0000000', N'107477378', N'0945601398',N'Đang làm',N'LNV002','TK082',N'Phường Thới Hòa,Quận Ô Môn,Thành phố Cần Thơ')
INSERT [dbo].[NhanVien] ([maNV], [gioiTinh], [tenNV], [ngaySinh], [CMND], [SDT], [trangThaiLamViec],[maLNV], [maTK],[diaChi] ) VALUES (N'NVAA0083', N'Nam', N'TR?N QUANG SINH', N'2001-01-01 00:00:00.0000000', N'391144624', N'0945601399',N'Đang làm',N'LNV002','TK083',N'Phường Thới Hòa,Quận Ô Môn,Thành phố Cần Thơ')
INSERT [dbo].[NhanVien] ([maNV], [gioiTinh], [tenNV], [ngaySinh], [CMND], [SDT], [trangThaiLamViec],[maLNV], [maTK],[diaChi] ) VALUES (N'NVAA0084', N'Nam', N'THÁI SÁNG BÌNH', N'2001-01-01 00:00:00.0000000', N'758412343', N'0945601400',N'Đang làm',N'LNV002','TK084',N'Phường Thới Hòa,Quận Ô Môn,Thành phố Cần Thơ')
INSERT [dbo].[NhanVien] ([maNV], [gioiTinh], [tenNV], [ngaySinh], [CMND], [SDT], [trangThaiLamViec],[maLNV], [maTK],[diaChi] ) VALUES (N'NVAA0085', N'Nam', N'HU?NH NG?C ÁNH', N'2001-01-01 00:00:00.0000000', N'803964720', N'0945601401',N'Đang làm',N'LNV002','TK085',N'Phường Thới Hòa,Quận Ô Môn,Thành phố Cần Thơ')
INSERT [dbo].[NhanVien] ([maNV], [gioiTinh], [tenNV], [ngaySinh], [CMND], [SDT], [trangThaiLamViec],[maLNV], [maTK],[diaChi] ) VALUES (N'NVAA0086', N'Nam', N'PH?M NG?C THÀN', N'2001-01-01 00:00:00.0000000', N'632751190', N'0945601402',N'Đang làm',N'LNV002','TK086',N'Phường Thới Hòa,Quận Ô Môn,Thành phố Cần Thơ')
INSERT [dbo].[NhanVien] ([maNV], [gioiTinh], [tenNV], [ngaySinh], [CMND], [SDT], [trangThaiLamViec],[maLNV], [maTK],[diaChi] ) VALUES (N'NVAA0087', N'Nu', N'TR?N TH? XUÂN H?NG', N'2001-01-01 00:00:00.0000000', N'183468709', N'0945601403',N'Đang làm',N'LNV002','TK087',N'Phường Thới Hòa,Quận Ô Môn,Thành phố Cần Thơ')
INSERT [dbo].[NhanVien] ([maNV], [gioiTinh], [tenNV], [ngaySinh], [CMND], [SDT], [trangThaiLamViec],[maLNV], [maTK],[diaChi] ) VALUES (N'NVAA0088', N'Nu', N'NGUY?N TH? THU TH?Y', N'2001-01-01 00:00:00.0000000', N'581047473', N'0945601404',N'Đang làm',N'LNV002','TK088',N'Phường Thới Hòa,Quận Ô Môn,Thành phố Cần Thơ')
INSERT [dbo].[NhanVien] ([maNV], [gioiTinh], [tenNV], [ngaySinh], [CMND], [SDT], [trangThaiLamViec],[maLNV], [maTK],[diaChi] ) VALUES (N'NVAA0089', N'Nam', N'THÁI MINH HÙNG', N'2001-01-01 00:00:00.0000000', N'471822981', N'0945601405',N'Đang làm',N'LNV002','TK089',N'Phường Thới Hòa,Quận Ô Môn,Thành phố Cần Thơ')
INSERT [dbo].[NhanVien] ([maNV], [gioiTinh], [tenNV], [ngaySinh], [CMND], [SDT], [trangThaiLamViec],[maLNV], [maTK],[diaChi] ) VALUES (N'NVAA0090', N'Nam', N'VÕ THÀNH TÂM', N'2001-01-01 00:00:00.0000000', N'180750981', N'0945601406',N'Đang làm',N'LNV002','TK090', N'Phường An Hòa,Quận Ninh Kiều,Thành phố Cần Thơ')
INSERT [dbo].[NhanVien] ([maNV], [gioiTinh], [tenNV], [ngaySinh], [CMND], [SDT], [trangThaiLamViec],[maLNV], [maTK],[diaChi] ) VALUES (N'NVAA0091', N'Nu', N'H? TH? NG?C C?M', N'2001-01-01 00:00:00.0000000', N'545918939', N'0945601407',N'Đang làm',N'LNV002','TK091', N'Phường An Hòa,Quận Ninh Kiều,Thành phố Cần Thơ')
INSERT [dbo].[NhanVien] ([maNV], [gioiTinh], [tenNV], [ngaySinh], [CMND], [SDT], [trangThaiLamViec],[maLNV], [maTK],[diaChi] ) VALUES (N'NVAA0092', N'Nam', N'NGUY?N NG?C TH?CH', N'2001-01-01 00:00:00.0000000', N'888949528', N'0945601408',N'Đang làm',N'LNV002','TK092', N'Phường An Hòa,Quận Ninh Kiều,Thành phố Cần Thơ')
INSERT [dbo].[NhanVien] ([maNV], [gioiTinh], [tenNV], [ngaySinh], [CMND], [SDT], [trangThaiLamViec],[maLNV], [maTK],[diaChi] ) VALUES (N'NVAA0093', N'Nu', N'T? QU? LAN', N'2001-01-01 00:00:00.0000000', N'273905310', N'0945601409',N'Đang làm',N'LNV002','TK093', N'Phường An Hòa,Quận Ninh Kiều,Thành phố Cần Thơ')
INSERT [dbo].[NhanVien] ([maNV], [gioiTinh], [tenNV], [ngaySinh], [CMND], [SDT], [trangThaiLamViec],[maLNV], [maTK],[diaChi] ) VALUES (N'NVAA0094', N'Nu', N'MAI TH? THANH HUY?N', N'2001-01-01 00:00:00.0000000', N'266293441', N'0945601410',N'Đang làm',N'LNV002','TK094', N'Phường An Hòa,Quận Ninh Kiều,Thành phố Cần Thơ')
INSERT [dbo].[NhanVien] ([maNV], [gioiTinh], [tenNV], [ngaySinh], [CMND], [SDT], [trangThaiLamViec],[maLNV], [maTK],[diaChi] ) VALUES (N'NVAA0095', N'Nu', N'CHÂU TH?C MAI', N'2001-01-01 00:00:00.0000000', N'607858860', N'0945601411',N'Đang làm',N'LNV002','TK095', N'Phường An Hòa,Quận Ninh Kiều,Thành phố Cần Thơ')
INSERT [dbo].[NhanVien] ([maNV], [gioiTinh], [tenNV], [ngaySinh], [CMND], [SDT], [trangThaiLamViec],[maLNV], [maTK],[diaChi] ) VALUES (N'NVAA0096', N'Nu', N'NGUY?N TH? BÍCH TRÂM', N'2001-01-01 00:00:00.0000000', N'914209881', N'0945601412',N'Nghĩ việc',N'LNV002','TK096', N'Phường An Hòa,Quận Ninh Kiều,Thành phố Cần Thơ')
INSERT [dbo].[NhanVien] ([maNV], [gioiTinh], [tenNV], [ngaySinh], [CMND], [SDT], [trangThaiLamViec],[maLNV], [maTK],[diaChi] ) VALUES (N'NVAA0097', N'Nu', N'NGUY?N TH? HOÀNG TRANG', N'2001-01-01 00:00:00.0000000', N'496693162', N'0945601413',N'Đang làm',N'LNV002','TK097', N'Phường An Hòa,Quận Ninh Kiều,Thành phố Cần Thơ')
INSERT [dbo].[NhanVien] ([maNV], [gioiTinh], [tenNV], [ngaySinh], [CMND], [SDT], [trangThaiLamViec],[maLNV], [maTK],[diaChi] ) VALUES (N'NVAA0098', N'Nu', N'HU?NH TH? THU HU?NG', N'2001-01-01 00:00:00.0000000', N'449695586', N'0945601414',N'Đang làm',N'LNV002','TK098', N'Phường An Hòa,Quận Ninh Kiều,Thành phố Cần Thơ')
INSERT [dbo].[NhanVien] ([maNV], [gioiTinh], [tenNV], [ngaySinh], [CMND], [SDT], [trangThaiLamViec],[maLNV], [maTK],[diaChi] ) VALUES (N'NVAA0099', N'Nu', N'VU THU TH?Y', N'2001-01-01 00:00:00.0000000', N'837607714', N'0945601415',N'Đang làm',N'LNV002','TK099', N'Phường An Hòa,Quận Ninh Kiều,Thành phố Cần Thơ')
INSERT [dbo].[NhanVien] ([maNV], [gioiTinh], [tenNV], [ngaySinh], [CMND], [SDT], [trangThaiLamViec],[maLNV], [maTK],[diaChi] ) VALUES (N'NVAA0100', N'Nam', N'PH?M THANH SI', N'2001-01-01 00:00:00.0000000', N'8262644681', N'0945601416',N'Đang làm', N'LNV002','TK100',N'Phường Thới Hòa,Quận Ô Môn,Thành phố Cần Thơ')

SELECT * FROM [dbo].[NhanVien]
go




go
INSERT [dbo].[TrangThaiPhong] ([maTTP], [tenTrangThaiPhong]) VALUES (N'TTP001', N'Phòng bận')
INSERT [dbo].[TrangThaiPhong] ([maTTP], [tenTrangThaiPhong]) VALUES (N'TTP002', N'Phòng chờ')
INSERT [dbo].[TrangThaiPhong] ([maTTP], [tenTrangThaiPhong]) VALUES (N'TTP003', N'Phòng trống')
SELECT * FROM [dbo].[TrangThaiPhong]
go

go
INSERT [dbo].[LoaiPhong] ([maLP], [giaTien], [tenLoaiPhong]) VALUES (N'LP001', 100000, N'Phòng Thường')
INSERT [dbo].[LoaiPhong] ([maLP], [giaTien], [tenLoaiPhong]) VALUES (N'LP002', 180000, N'Phòng Vip')
SELECT * FROM [dbo].[LoaiPhong]
go


go
INSERT [dbo].[Phong] ([maPhong], [soNguoi], [tenPhong], [tinhTrangPhong], [maLP], [maTTP]) VALUES (N'P001', 10, N'P01',N'Bình thường', N'LP001', N'TTP003')
INSERT [dbo].[Phong] ([maPhong], [soNguoi], [tenPhong], [tinhTrangPhong], [maLP], [maTTP]) VALUES (N'P002', 12, N'P02',N'Bình thường', N'LP001', N'TTP003')
INSERT [dbo].[Phong] ([maPhong], [soNguoi], [tenPhong], [tinhTrangPhong], [maLP], [maTTP]) VALUES (N'P003', 5, N'P03',N'Bình thường', N'LP001', N'TTP003')
INSERT [dbo].[Phong] ([maPhong], [soNguoi], [tenPhong], [tinhTrangPhong], [maLP], [maTTP]) VALUES (N'P004', 15, N'P04',N'Bình thường', N'LP001', N'TTP003')
INSERT [dbo].[Phong] ([maPhong], [soNguoi], [tenPhong], [tinhTrangPhong], [maLP], [maTTP]) VALUES (N'P005', 10, N'P05',N'Bình thường', N'LP002', N'TTP003')
INSERT [dbo].[Phong] ([maPhong], [soNguoi], [tenPhong], [tinhTrangPhong], [maLP], [maTTP]) VALUES (N'P006', 10, N'P06',N'Bình thường', N'LP002', N'TTP003')
INSERT [dbo].[Phong] ([maPhong], [soNguoi], [tenPhong], [tinhTrangPhong], [maLP], [maTTP]) VALUES (N'P007', 10, N'P07',N'Bình thường', N'LP002', N'TTP003')
INSERT [dbo].[Phong] ([maPhong], [soNguoi], [tenPhong], [tinhTrangPhong], [maLP], [maTTP]) VALUES (N'P008', 10, N'P08',N'Bình thường', N'LP002', N'TTP003')
INSERT [dbo].[Phong] ([maPhong], [soNguoi], [tenPhong], [tinhTrangPhong], [maLP], [maTTP]) VALUES (N'P009', 10, N'P09',N'Bình thường', N'LP002', N'TTP003')
INSERT [dbo].[Phong] ([maPhong], [soNguoi], [tenPhong], [tinhTrangPhong], [maLP], [maTTP]) VALUES (N'P010', 10, N'P010',N'Bình thường', N'LP002', N'TTP003')
INSERT [dbo].[Phong] ([maPhong], [soNguoi], [tenPhong], [tinhTrangPhong], [maLP], [maTTP]) VALUES (N'P011', 10, N'P011',N'Bình thường', N'LP002', N'TTP003')
INSERT [dbo].[Phong] ([maPhong], [soNguoi], [tenPhong], [tinhTrangPhong], [maLP], [maTTP]) VALUES (N'P012', 10, N'P012',N'Bình thường', N'LP002', N'TTP003')
INSERT [dbo].[Phong] ([maPhong], [soNguoi], [tenPhong], [tinhTrangPhong], [maLP], [maTTP]) VALUES (N'P013', 10, N'P013',N'Bình thường', N'LP002', N'TTP003')
INSERT [dbo].[Phong] ([maPhong], [soNguoi], [tenPhong], [tinhTrangPhong], [maLP], [maTTP]) VALUES (N'P014', 10, N'P014',N'Bình thường', N'LP002', N'TTP003')
INSERT [dbo].[Phong] ([maPhong], [soNguoi], [tenPhong], [tinhTrangPhong], [maLP], [maTTP]) VALUES (N'P015', 10, N'P015',N'Bình thường', N'LP002', N'TTP003')
SELECT * FROM [dbo].[Phong]
go

go

INSERT [dbo].[DichVu] ([maDV],[donGia],[soLuong],[tenDichVu]) VALUES ('DV001',15000,500,N'Bia SaiGon')
INSERT [dbo].[DichVu] ([maDV],[donGia],[soLuong],[tenDichVu]) VALUES ('DV002',18000,500,N'Bia Tiger')
INSERT [dbo].[DichVu] ([maDV],[donGia],[soLuong],[tenDichVu]) VALUES ('DV003',18000,500,N'Bia Ruby')
INSERT [dbo].[DichVu] ([maDV],[donGia],[soLuong],[tenDichVu]) VALUES ('DV004',75000,500,N'Rựu SoJu')
INSERT [dbo].[DichVu] ([maDV],[donGia],[soLuong],[tenDichVu]) VALUES ('DV005',200000,200,N'Combo Trái Cây 1')
INSERT [dbo].[DichVu] ([maDV],[donGia],[soLuong],[tenDichVu]) VALUES ('DV006',250000,200,N'Combo Trái Cây 2')
INSERT [dbo].[DichVu] ([maDV],[donGia],[soLuong],[tenDichVu]) VALUES ('DV007',250000,200,N'Combo Trái Cây 3')
INSERT [dbo].[DichVu] ([maDV],[donGia],[soLuong],[tenDichVu]) VALUES ('DV008',250000,100,N'Combo Trái Cây 4')
INSERT [dbo].[DichVu] ([maDV],[donGia],[soLuong],[tenDichVu]) VALUES ('DV009',250000,100,N'Combo Trái Cây 5')
INSERT [dbo].[DichVu] ([maDV],[donGia],[soLuong],[tenDichVu]) VALUES ('DV0010',15000,500,N'Sting')
INSERT [dbo].[DichVu] ([maDV],[donGia],[soLuong],[tenDichVu]) VALUES ('DV0011',15000,500,N'RedBull')
INSERT [dbo].[DichVu] ([maDV],[donGia],[soLuong],[tenDichVu]) VALUES ('DV0012',15000,500,N'Nước Suối')
SELECT * FROM [dbo].[DichVu]
go

go
INSERT [dbo].[HoaDon] ([maHD], [gioKetThuc], [gioNhanPhong], [ngayLap], [tienKhachTra],[tongTien] ,[maKH],[maNV]) VALUES (N'HDAA001',CAST(N'2023-01-01T00:00:00.0000000' AS DateTime2), CAST(N'2023-01-01T00:00:00.0000000' AS DateTime2), CAST(N'2023-01-01T00:00:00.0000000' AS DateTime2), 20000, 20000,  N'KHAA001',  N'NVAA0002')
INSERT [dbo].[HoaDon] ([maHD], [gioKetThuc], [gioNhanPhong], [ngayLap], [tienKhachTra],[tongTien] ,[maKH],[maNV]) VALUES (N'HDAA002',CAST(N'2023-01-01T00:00:00.0000000' AS DateTime2), CAST(N'2023-01-01T00:00:00.0000000' AS DateTime2), CAST(N'2023-01-01T00:00:00.0000000' AS DateTime2), 20000, 20000,  N'KHAA002',  N'NVAA0002')
INSERT [dbo].[HoaDon] ([maHD], [gioKetThuc], [gioNhanPhong], [ngayLap], [tienKhachTra],[tongTien] ,[maKH],[maNV]) VALUES (N'HDAA003',CAST(N'2023-01-01T00:00:00.0000000' AS DateTime2), CAST(N'2023-01-01T00:00:00.0000000' AS DateTime2), CAST(N'2023-01-01T00:00:00.0000000' AS DateTime2), 20000, 20000,  N'KHAA003',  N'NVAA0002')
INSERT [dbo].[HoaDon] ([maHD], [gioKetThuc], [gioNhanPhong], [ngayLap], [tienKhachTra],[tongTien] ,[maKH],[maNV]) VALUES (N'HDAA004',CAST(N'2023-01-01T00:00:00.0000000' AS DateTime2), CAST(N'2023-01-01T00:00:00.0000000' AS DateTime2), CAST(N'2023-01-01T00:00:00.0000000' AS DateTime2), 20000, 20000,  N'KHAA004',  N'NVAA0002')
INSERT [dbo].[HoaDon] ([maHD], [gioKetThuc], [gioNhanPhong], [ngayLap], [tienKhachTra],[tongTien] ,[maKH],[maNV]) VALUES (N'HDAA005',CAST(N'2023-01-01T00:00:00.0000000' AS DateTime2), CAST(N'2023-01-01T00:00:00.0000000' AS DateTime2), CAST(N'2023-01-01T00:00:00.0000000' AS DateTime2), 20000, 20000,  N'KHAA005',  N'NVAA0002')
INSERT [dbo].[HoaDon] ([maHD], [gioKetThuc], [gioNhanPhong], [ngayLap], [tienKhachTra],[tongTien] ,[maKH],[maNV]) VALUES (N'HDAA006',CAST(N'2023-03-01T00:00:00.0000000' AS DateTime2), CAST(N'2023-03-01T00:00:00.0000000' AS DateTime2), CAST(N'2023-03-01T00:00:00.0000000' AS DateTime2), 20000, 20000,  N'KHAA006',  N'NVAA0002')
INSERT [dbo].[HoaDon] ([maHD], [gioKetThuc], [gioNhanPhong], [ngayLap], [tienKhachTra],[tongTien] ,[maKH],[maNV]) VALUES (N'HDAA007',CAST(N'2023-03-01T00:00:00.0000000' AS DateTime2), CAST(N'2023-03-01T00:00:00.0000000' AS DateTime2), CAST(N'2023-03-01T00:00:00.0000000' AS DateTime2), 20000, 20000,  N'KHAA007',  N'NVAA0002')
INSERT [dbo].[HoaDon] ([maHD], [gioKetThuc], [gioNhanPhong], [ngayLap], [tienKhachTra],[tongTien] ,[maKH],[maNV]) VALUES (N'HDAA008',CAST(N'2023-03-01T00:00:00.0000000' AS DateTime2), CAST(N'2023-03-01T00:00:00.0000000' AS DateTime2), CAST(N'2023-03-01T00:00:00.0000000' AS DateTime2), 20000, 20000,  N'KHAA008',  N'NVAA0002')
INSERT [dbo].[HoaDon] ([maHD], [gioKetThuc], [gioNhanPhong], [ngayLap], [tienKhachTra],[tongTien] ,[maKH],[maNV]) VALUES (N'HDAA009',CAST(N'2023-02-01T00:00:00.0000000' AS DateTime2), CAST(N'2023-02-01T00:00:00.0000000' AS DateTime2), CAST(N'2023-02-01T00:00:00.0000000' AS DateTime2), 20000, 20000,  N'KHAA009',  N'NVAA0002')
INSERT [dbo].[HoaDon] ([maHD], [gioKetThuc], [gioNhanPhong], [ngayLap], [tienKhachTra],[tongTien] ,[maKH],[maNV]) VALUES (N'HDAA010',CAST(N'2023-02-01T00:00:00.0000000' AS DateTime2), CAST(N'2023-02-01T00:00:00.0000000' AS DateTime2), CAST(N'2023-02-01T00:00:00.0000000' AS DateTime2), 20000, 20000,  N'KHAA010',  N'NVAA0002')
INSERT [dbo].[HoaDon] ([maHD], [gioKetThuc], [gioNhanPhong], [ngayLap], [tienKhachTra],[tongTien] ,[maKH],[maNV]) VALUES (N'HDAA011',CAST(N'2023-04-01T00:00:00.0000000' AS DateTime2), CAST(N'2023-04-01T00:00:00.0000000' AS DateTime2), CAST(N'2023-04-01T00:00:00.0000000' AS DateTime2), 20000, 20000,  N'KHAA011',  N'NVAA0002')
INSERT [dbo].[HoaDon] ([maHD], [gioKetThuc], [gioNhanPhong], [ngayLap], [tienKhachTra],[tongTien] ,[maKH],[maNV]) VALUES (N'HDAA012',CAST(N'2023-05-01T00:00:00.0000000' AS DateTime2), CAST(N'2023-05-01T00:00:00.0000000' AS DateTime2), CAST(N'2023-05-01T00:00:00.0000000' AS DateTime2), 20000, 20000,  N'KHAA012',  N'NVAA0002')
INSERT [dbo].[HoaDon] ([maHD], [gioKetThuc], [gioNhanPhong], [ngayLap], [tienKhachTra],[tongTien] ,[maKH],[maNV]) VALUES (N'HDAA013',CAST(N'2023-05-01T00:00:00.0000000' AS DateTime2), CAST(N'2023-05-01T00:00:00.0000000' AS DateTime2), CAST(N'2023-05-01T00:00:00.0000000' AS DateTime2), 20000, 20000,  N'KHAA013',  N'NVAA0002')
INSERT [dbo].[HoaDon] ([maHD], [gioKetThuc], [gioNhanPhong], [ngayLap], [tienKhachTra],[tongTien] ,[maKH],[maNV]) VALUES (N'HDAA014',CAST(N'2023-06-01T00:00:00.0000000' AS DateTime2), CAST(N'2023-06-01T00:00:00.0000000' AS DateTime2), CAST(N'2023-06-01T00:00:00.0000000' AS DateTime2), 20000, 20000,  N'KHAA014',  N'NVAA0002')
INSERT [dbo].[HoaDon] ([maHD], [gioKetThuc], [gioNhanPhong], [ngayLap], [tienKhachTra],[tongTien] ,[maKH],[maNV]) VALUES (N'HDAA015',CAST(N'2023-06-01T00:00:00.0000000' AS DateTime2), CAST(N'2023-06-01T00:00:00.0000000' AS DateTime2), CAST(N'2023-06-01T00:00:00.0000000' AS DateTime2), 20000, 20000,  N'KHAA015',  N'NVAA0002')
INSERT [dbo].[HoaDon] ([maHD], [gioKetThuc], [gioNhanPhong], [ngayLap], [tienKhachTra],[tongTien] ,[maKH],[maNV]) VALUES (N'HDAA016',CAST(N'2023-07-01T00:00:00.0000000' AS DateTime2), CAST(N'2023-07-01T00:00:00.0000000' AS DateTime2), CAST(N'2023-07-01T00:00:00.0000000' AS DateTime2), 20000, 20000,  N'KHAA016',  N'NVAA0002')
INSERT [dbo].[HoaDon] ([maHD], [gioKetThuc], [gioNhanPhong], [ngayLap], [tienKhachTra],[tongTien] ,[maKH],[maNV]) VALUES (N'HDAA017',CAST(N'2023-07-01T00:00:00.0000000' AS DateTime2), CAST(N'2023-07-01T00:00:00.0000000' AS DateTime2), CAST(N'2023-07-01T00:00:00.0000000' AS DateTime2), 20000, 20000,  N'KHAA017',  N'NVAA0002')
INSERT [dbo].[HoaDon] ([maHD], [gioKetThuc], [gioNhanPhong], [ngayLap], [tienKhachTra],[tongTien] ,[maKH],[maNV]) VALUES (N'HDAA018',CAST(N'2023-07-01T00:00:00.0000000' AS DateTime2), CAST(N'2023-07-01T00:00:00.0000000' AS DateTime2), CAST(N'2023-07-01T00:00:00.0000000' AS DateTime2), 20000, 20000,  N'KHAA018',  N'NVAA0002')
INSERT [dbo].[HoaDon] ([maHD], [gioKetThuc], [gioNhanPhong], [ngayLap], [tienKhachTra],[tongTien] ,[maKH],[maNV]) VALUES (N'HDAA019',CAST(N'2023-07-01T00:00:00.0000000' AS DateTime2), CAST(N'2023-07-01T00:00:00.0000000' AS DateTime2), CAST(N'2023-07-01T00:00:00.0000000' AS DateTime2), 20000, 20000,  N'KHAA019',  N'NVAA0002')
INSERT [dbo].[HoaDon] ([maHD], [gioKetThuc], [gioNhanPhong], [ngayLap], [tienKhachTra],[tongTien] ,[maKH],[maNV]) VALUES (N'HDAA020',CAST(N'2023-07-01T00:00:00.0000000' AS DateTime2), CAST(N'2023-07-01T00:00:00.0000000' AS DateTime2), CAST(N'2023-07-01T00:00:00.0000000' AS DateTime2), 20000, 20000,  N'KHAA020',  N'NVAA0002')
INSERT [dbo].[HoaDon] ([maHD], [gioKetThuc], [gioNhanPhong], [ngayLap], [tienKhachTra],[tongTien] ,[maKH],[maNV]) VALUES (N'HDAA021',CAST(N'2023-07-01T00:00:00.0000000' AS DateTime2), CAST(N'2023-07-01T00:00:00.0000000' AS DateTime2), CAST(N'2023-07-01T00:00:00.0000000' AS DateTime2), 20000, 20000,  N'KHAA021',  N'NVAA0002')
INSERT [dbo].[HoaDon] ([maHD], [gioKetThuc], [gioNhanPhong], [ngayLap], [tienKhachTra],[tongTien] ,[maKH],[maNV]) VALUES (N'HDAA022',CAST(N'2023-07-01T00:00:00.0000000' AS DateTime2), CAST(N'2023-07-01T00:00:00.0000000' AS DateTime2), CAST(N'2023-07-01T00:00:00.0000000' AS DateTime2), 20000, 20000,  N'KHAA022',  N'NVAA0002')
INSERT [dbo].[HoaDon] ([maHD], [gioKetThuc], [gioNhanPhong], [ngayLap], [tienKhachTra],[tongTien] ,[maKH],[maNV]) VALUES (N'HDAA023',CAST(N'2023-07-01T00:00:00.0000000' AS DateTime2), CAST(N'2023-07-01T00:00:00.0000000' AS DateTime2), CAST(N'2023-07-01T00:00:00.0000000' AS DateTime2), 20000, 20000,  N'KHAA023',  N'NVAA0002')

INSERT [dbo].[HoaDon] ([maHD], [gioKetThuc], [gioNhanPhong], [ngayLap], [tienKhachTra],[tongTien] ,[maKH],[maNV]) VALUES (N'HDAA024',CAST(N'2023-01-01T00:00:00.0000000' AS DateTime2), CAST(N'2023-01-01T00:00:00.0000000' AS DateTime2), CAST(N'2023-01-01T00:00:00.0000000' AS DateTime2), 20000, 20000,  N'KHAA024',  N'NVAA0003')
INSERT [dbo].[HoaDon] ([maHD], [gioKetThuc], [gioNhanPhong], [ngayLap], [tienKhachTra],[tongTien] ,[maKH],[maNV]) VALUES (N'HDAA025',CAST(N'2023-01-01T00:00:00.0000000' AS DateTime2), CAST(N'2023-01-01T00:00:00.0000000' AS DateTime2), CAST(N'2023-01-01T00:00:00.0000000' AS DateTime2), 20000, 20000,  N'KHAA025',  N'NVAA0003')
INSERT [dbo].[HoaDon] ([maHD], [gioKetThuc], [gioNhanPhong], [ngayLap], [tienKhachTra],[tongTien] ,[maKH],[maNV]) VALUES (N'HDAA026',CAST(N'2023-01-01T00:00:00.0000000' AS DateTime2), CAST(N'2023-01-01T00:00:00.0000000' AS DateTime2), CAST(N'2023-01-01T00:00:00.0000000' AS DateTime2), 20000, 20000,  N'KHAA026',  N'NVAA0003')
INSERT [dbo].[HoaDon] ([maHD], [gioKetThuc], [gioNhanPhong], [ngayLap], [tienKhachTra],[tongTien] ,[maKH],[maNV]) VALUES (N'HDAA027',CAST(N'2023-02-01T00:00:00.0000000' AS DateTime2), CAST(N'2023-02-01T00:00:00.0000000' AS DateTime2), CAST(N'2023-02-01T00:00:00.0000000' AS DateTime2), 20000, 20000,  N'KHAA027',  N'NVAA0003')
INSERT [dbo].[HoaDon] ([maHD], [gioKetThuc], [gioNhanPhong], [ngayLap], [tienKhachTra],[tongTien] ,[maKH],[maNV]) VALUES (N'HDAA028',CAST(N'2023-02-01T00:00:00.0000000' AS DateTime2), CAST(N'2023-02-01T00:00:00.0000000' AS DateTime2), CAST(N'2023-02-01T00:00:00.0000000' AS DateTime2), 20000, 20000,  N'KHAA028',  N'NVAA0003')
INSERT [dbo].[HoaDon] ([maHD], [gioKetThuc], [gioNhanPhong], [ngayLap], [tienKhachTra],[tongTien] ,[maKH],[maNV]) VALUES (N'HDAA029',CAST(N'2023-02-01T00:00:00.0000000' AS DateTime2), CAST(N'2023-02-01T00:00:00.0000000' AS DateTime2), CAST(N'2023-02-01T00:00:00.0000000' AS DateTime2), 20000, 20000,  N'KHAA029',  N'NVAA0003')
INSERT [dbo].[HoaDon] ([maHD], [gioKetThuc], [gioNhanPhong], [ngayLap], [tienKhachTra],[tongTien] ,[maKH],[maNV]) VALUES (N'HDAA030',CAST(N'2023-03-01T00:00:00.0000000' AS DateTime2), CAST(N'2023-03-01T00:00:00.0000000' AS DateTime2), CAST(N'2023-03-01T00:00:00.0000000' AS DateTime2), 20000, 20000,  N'KHAA030',  N'NVAA0003')
INSERT [dbo].[HoaDon] ([maHD], [gioKetThuc], [gioNhanPhong], [ngayLap], [tienKhachTra],[tongTien] ,[maKH],[maNV]) VALUES (N'HDAA031',CAST(N'2023-03-01T00:00:00.0000000' AS DateTime2), CAST(N'2023-03-01T00:00:00.0000000' AS DateTime2), CAST(N'2023-03-01T00:00:00.0000000' AS DateTime2), 20000, 20000,  N'KHAA031',  N'NVAA0003')
INSERT [dbo].[HoaDon] ([maHD], [gioKetThuc], [gioNhanPhong], [ngayLap], [tienKhachTra],[tongTien] ,[maKH],[maNV]) VALUES (N'HDAA032',CAST(N'2023-03-01T00:00:00.0000000' AS DateTime2), CAST(N'2023-03-01T00:00:00.0000000' AS DateTime2), CAST(N'2023-03-01T00:00:00.0000000' AS DateTime2), 20000, 20000,  N'KHAA032',  N'NVAA0003')
INSERT [dbo].[HoaDon] ([maHD], [gioKetThuc], [gioNhanPhong], [ngayLap], [tienKhachTra],[tongTien] ,[maKH],[maNV]) VALUES (N'HDAA033',CAST(N'2023-04-01T00:00:00.0000000' AS DateTime2), CAST(N'2023-04-01T00:00:00.0000000' AS DateTime2), CAST(N'2023-04-01T00:00:00.0000000' AS DateTime2), 20000, 20000,  N'KHAA033',  N'NVAA0003')
INSERT [dbo].[HoaDon] ([maHD], [gioKetThuc], [gioNhanPhong], [ngayLap], [tienKhachTra],[tongTien] ,[maKH],[maNV]) VALUES (N'HDAA034',CAST(N'2023-04-01T00:00:00.0000000' AS DateTime2), CAST(N'2023-04-01T00:00:00.0000000' AS DateTime2), CAST(N'2023-04-01T00:00:00.0000000' AS DateTime2), 20000, 20000,  N'KHAA034',  N'NVAA0003')
INSERT [dbo].[HoaDon] ([maHD], [gioKetThuc], [gioNhanPhong], [ngayLap], [tienKhachTra],[tongTien] ,[maKH],[maNV]) VALUES (N'HDAA035',CAST(N'2023-05-01T00:00:00.0000000' AS DateTime2), CAST(N'2023-05-01T00:00:00.0000000' AS DateTime2), CAST(N'2023-05-01T00:00:00.0000000' AS DateTime2), 20000, 20000,  N'KHAA035',  N'NVAA0003')
INSERT [dbo].[HoaDon] ([maHD], [gioKetThuc], [gioNhanPhong], [ngayLap], [tienKhachTra],[tongTien] ,[maKH],[maNV]) VALUES (N'HDAA036',CAST(N'2023-05-01T00:00:00.0000000' AS DateTime2), CAST(N'2023-05-01T00:00:00.0000000' AS DateTime2), CAST(N'2023-05-01T00:00:00.0000000' AS DateTime2), 20000, 20000,  N'KHAA036',  N'NVAA0003')
INSERT [dbo].[HoaDon] ([maHD], [gioKetThuc], [gioNhanPhong], [ngayLap], [tienKhachTra],[tongTien] ,[maKH],[maNV]) VALUES (N'HDAA037',CAST(N'2023-05-01T00:00:00.0000000' AS DateTime2), CAST(N'2023-05-01T00:00:00.0000000' AS DateTime2), CAST(N'2023-05-01T00:00:00.0000000' AS DateTime2), 20000, 20000,  N'KHAA037',  N'NVAA0003')
INSERT [dbo].[HoaDon] ([maHD], [gioKetThuc], [gioNhanPhong], [ngayLap], [tienKhachTra],[tongTien] ,[maKH],[maNV]) VALUES (N'HDAA038',CAST(N'2023-05-01T00:00:00.0000000' AS DateTime2), CAST(N'2023-05-01T00:00:00.0000000' AS DateTime2), CAST(N'2023-05-01T00:00:00.0000000' AS DateTime2), 20000, 20000,  N'KHAA038',  N'NVAA0003')
INSERT [dbo].[HoaDon] ([maHD], [gioKetThuc], [gioNhanPhong], [ngayLap], [tienKhachTra],[tongTien] ,[maKH],[maNV]) VALUES (N'HDAA039',CAST(N'2023-05-01T00:00:00.0000000' AS DateTime2), CAST(N'2023-05-01T00:00:00.0000000' AS DateTime2), CAST(N'2023-05-01T00:00:00.0000000' AS DateTime2), 20000, 20000,  N'KHAA039',  N'NVAA0003')

INSERT [dbo].[HoaDon] ([maHD], [gioKetThuc], [gioNhanPhong], [ngayLap], [tienKhachTra],[tongTien] ,[maKH],[maNV]) VALUES (N'HDAA040',CAST(N'2023-05-01T00:00:00.0000000' AS DateTime2), CAST(N'2023-01-01T00:00:00.0000000' AS DateTime2), CAST(N'2023-01-01T00:00:00.0000000' AS DateTime2), 20000, 20000,  N'KHAA040',  N'NVAA0004')
INSERT [dbo].[HoaDon] ([maHD], [gioKetThuc], [gioNhanPhong], [ngayLap], [tienKhachTra],[tongTien] ,[maKH],[maNV]) VALUES (N'HDAA041',CAST(N'2023-07-01T00:00:00.0000000' AS DateTime2), CAST(N'2023-01-01T00:00:00.0000000' AS DateTime2), CAST(N'2023-01-01T00:00:00.0000000' AS DateTime2), 20000, 20000,  N'KHAA041',  N'NVAA0004')
INSERT [dbo].[HoaDon] ([maHD], [gioKetThuc], [gioNhanPhong], [ngayLap], [tienKhachTra],[tongTien] ,[maKH],[maNV]) VALUES (N'HDAA042',CAST(N'2023-09-01T00:00:00.0000000' AS DateTime2), CAST(N'2023-01-01T00:00:00.0000000' AS DateTime2), CAST(N'2023-01-01T00:00:00.0000000' AS DateTime2), 20000, 20000,  N'KHAA042',  N'NVAA0004')
INSERT [dbo].[HoaDon] ([maHD], [gioKetThuc], [gioNhanPhong], [ngayLap], [tienKhachTra],[tongTien] ,[maKH],[maNV]) VALUES (N'HDAA043',CAST(N'2023-09-01T00:00:00.0000000' AS DateTime2), CAST(N'2023-01-01T00:00:00.0000000' AS DateTime2), CAST(N'2023-01-01T00:00:00.0000000' AS DateTime2), 20000, 20000,  N'KHAA043',  N'NVAA0004')
INSERT [dbo].[HoaDon] ([maHD], [gioKetThuc], [gioNhanPhong], [ngayLap], [tienKhachTra],[tongTien] ,[maKH],[maNV]) VALUES (N'HDAA044',CAST(N'2023-09-01T00:00:00.0000000' AS DateTime2), CAST(N'2023-01-01T00:00:00.0000000' AS DateTime2), CAST(N'2023-01-01T00:00:00.0000000' AS DateTime2), 20000, 20000,  N'KHAA044',  N'NVAA0004')
INSERT [dbo].[HoaDon] ([maHD], [gioKetThuc], [gioNhanPhong], [ngayLap], [tienKhachTra],[tongTien] ,[maKH],[maNV]) VALUES (N'HDAA045',CAST(N'2023-09-01T00:00:00.0000000' AS DateTime2), CAST(N'2023-01-01T00:00:00.0000000' AS DateTime2), CAST(N'2023-01-01T00:00:00.0000000' AS DateTime2), 20000, 20000,  N'KHAA045',  N'NVAA0004')
INSERT [dbo].[HoaDon] ([maHD], [gioKetThuc], [gioNhanPhong], [ngayLap], [tienKhachTra],[tongTien] ,[maKH],[maNV]) VALUES (N'HDAA046',CAST(N'2023-12-01T00:00:00.0000000' AS DateTime2), CAST(N'2023-01-01T00:00:00.0000000' AS DateTime2), CAST(N'2023-01-01T00:00:00.0000000' AS DateTime2), 20000, 20000,  N'KHAA046',  N'NVAA0004')
INSERT [dbo].[HoaDon] ([maHD], [gioKetThuc], [gioNhanPhong], [ngayLap], [tienKhachTra],[tongTien] ,[maKH],[maNV]) VALUES (N'HDAA047',CAST(N'2023-12-01T00:00:00.0000000' AS DateTime2), CAST(N'2023-01-01T00:00:00.0000000' AS DateTime2), CAST(N'2023-01-01T00:00:00.0000000' AS DateTime2), 20000, 20000,  N'KHAA047',  N'NVAA0004')
INSERT [dbo].[HoaDon] ([maHD], [gioKetThuc], [gioNhanPhong], [ngayLap], [tienKhachTra],[tongTien] ,[maKH],[maNV]) VALUES (N'HDAA048',CAST(N'2023-12-01T00:00:00.0000000' AS DateTime2), CAST(N'2023-01-01T00:00:00.0000000' AS DateTime2), CAST(N'2023-01-01T00:00:00.0000000' AS DateTime2), 20000, 20000,  N'KHAA048',  N'NVAA0004')
INSERT [dbo].[HoaDon] ([maHD], [gioKetThuc], [gioNhanPhong], [ngayLap], [tienKhachTra],[tongTien] ,[maKH],[maNV]) VALUES (N'HDAA049',CAST(N'2023-12-01T00:00:00.0000000' AS DateTime2), CAST(N'2023-01-01T00:00:00.0000000' AS DateTime2), CAST(N'2023-01-01T00:00:00.0000000' AS DateTime2), 20000, 20000,  N'KHAA049',  N'NVAA0004')
INSERT [dbo].[HoaDon] ([maHD], [gioKetThuc], [gioNhanPhong], [ngayLap], [tienKhachTra],[tongTien] ,[maKH],[maNV]) VALUES (N'HDAA050',CAST(N'2023-12-01T00:00:00.0000000' AS DateTime2), CAST(N'2023-01-01T00:00:00.0000000' AS DateTime2), CAST(N'2023-01-01T00:00:00.0000000' AS DateTime2), 20000, 20000,  N'KHAA050',  N'NVAA0004')

SELECT * FROM [dbo].[HoaDon]
go


go
INSERT [dbo].[ChiTietHoaDon] ([maHD], [maPhong], [thoiLuong]) VALUES (N'HDAA001', N'P001', 30)
INSERT [dbo].[ChiTietHoaDon] ([maHD], [maPhong], [thoiLuong]) VALUES (N'HDAA002', N'P001', 30)
INSERT [dbo].[ChiTietHoaDon] ([maHD], [maPhong], [thoiLuong]) VALUES (N'HDAA003', N'P001', 30)
INSERT [dbo].[ChiTietHoaDon] ([maHD], [maPhong], [thoiLuong]) VALUES (N'HDAA004', N'P001', 30)
INSERT [dbo].[ChiTietHoaDon] ([maHD], [maPhong], [thoiLuong]) VALUES (N'HDAA005', N'P002', 50)
INSERT [dbo].[ChiTietHoaDon] ([maHD], [maPhong], [thoiLuong]) VALUES (N'HDAA006', N'P002', 50)
INSERT [dbo].[ChiTietHoaDon] ([maHD], [maPhong], [thoiLuong]) VALUES (N'HDAA007', N'P002', 50)
INSERT [dbo].[ChiTietHoaDon] ([maHD], [maPhong], [thoiLuong]) VALUES (N'HDAA008', N'P002', 50)
INSERT [dbo].[ChiTietHoaDon] ([maHD], [maPhong], [thoiLuong]) VALUES (N'HDAA009', N'P003', 60)
INSERT [dbo].[ChiTietHoaDon] ([maHD], [maPhong], [thoiLuong]) VALUES (N'HDAA010', N'P003', 70)
INSERT [dbo].[ChiTietHoaDon] ([maHD], [maPhong], [thoiLuong]) VALUES (N'HDAA011', N'P003', 70)
INSERT [dbo].[ChiTietHoaDon] ([maHD], [maPhong], [thoiLuong]) VALUES (N'HDAA012', N'P003', 70)
INSERT [dbo].[ChiTietHoaDon] ([maHD], [maPhong], [thoiLuong]) VALUES (N'HDAA013', N'P004', 70)
INSERT [dbo].[ChiTietHoaDon] ([maHD], [maPhong], [thoiLuong]) VALUES (N'HDAA014', N'P004', 40)
INSERT [dbo].[ChiTietHoaDon] ([maHD], [maPhong], [thoiLuong]) VALUES (N'HDAA015', N'P005', 40)
INSERT [dbo].[ChiTietHoaDon] ([maHD], [maPhong], [thoiLuong]) VALUES (N'HDAA016', N'P005', 40)
INSERT [dbo].[ChiTietHoaDon] ([maHD], [maPhong], [thoiLuong]) VALUES (N'HDAA017', N'P005', 40)
INSERT [dbo].[ChiTietHoaDon] ([maHD], [maPhong], [thoiLuong]) VALUES (N'HDAA018', N'P005', 60)
INSERT [dbo].[ChiTietHoaDon] ([maHD], [maPhong], [thoiLuong]) VALUES (N'HDAA019', N'P006', 50)
INSERT [dbo].[ChiTietHoaDon] ([maHD], [maPhong], [thoiLuong]) VALUES (N'HDAA020', N'P006', 50)
INSERT [dbo].[ChiTietHoaDon] ([maHD], [maPhong], [thoiLuong]) VALUES (N'HDAA021', N'P006', 50)
INSERT [dbo].[ChiTietHoaDon] ([maHD], [maPhong], [thoiLuong]) VALUES (N'HDAA022', N'P006', 50)
INSERT [dbo].[ChiTietHoaDon] ([maHD], [maPhong], [thoiLuong]) VALUES (N'HDAA023', N'P007', 60)
INSERT [dbo].[ChiTietHoaDon] ([maHD], [maPhong], [thoiLuong]) VALUES (N'HDAA024', N'P007', 80)
INSERT [dbo].[ChiTietHoaDon] ([maHD], [maPhong], [thoiLuong]) VALUES (N'HDAA025', N'P007', 80)
INSERT [dbo].[ChiTietHoaDon] ([maHD], [maPhong], [thoiLuong]) VALUES (N'HDAA026', N'P008', 80)
INSERT [dbo].[ChiTietHoaDon] ([maHD], [maPhong], [thoiLuong]) VALUES (N'HDAA027', N'P008', 70)
INSERT [dbo].[ChiTietHoaDon] ([maHD], [maPhong], [thoiLuong]) VALUES (N'HDAA028', N'P008', 70)
INSERT [dbo].[ChiTietHoaDon] ([maHD], [maPhong], [thoiLuong]) VALUES (N'HDAA029', N'P009', 70)
INSERT [dbo].[ChiTietHoaDon] ([maHD], [maPhong], [thoiLuong]) VALUES (N'HDAA030', N'P009', 70)
INSERT [dbo].[ChiTietHoaDon] ([maHD], [maPhong], [thoiLuong]) VALUES (N'HDAA031', N'P009', 30)
INSERT [dbo].[ChiTietHoaDon] ([maHD], [maPhong], [thoiLuong]) VALUES (N'HDAA032', N'P010', 30)
INSERT [dbo].[ChiTietHoaDon] ([maHD], [maPhong], [thoiLuong]) VALUES (N'HDAA033', N'P010', 30)
INSERT [dbo].[ChiTietHoaDon] ([maHD], [maPhong], [thoiLuong]) VALUES (N'HDAA034', N'P010', 30)
INSERT [dbo].[ChiTietHoaDon] ([maHD], [maPhong], [thoiLuong]) VALUES (N'HDAA035', N'P010', 50)
INSERT [dbo].[ChiTietHoaDon] ([maHD], [maPhong], [thoiLuong]) VALUES (N'HDAA036', N'P011', 50)
INSERT [dbo].[ChiTietHoaDon] ([maHD], [maPhong], [thoiLuong]) VALUES (N'HDAA037', N'P011', 50)
INSERT [dbo].[ChiTietHoaDon] ([maHD], [maPhong], [thoiLuong]) VALUES (N'HDAA038', N'P011', 50)
INSERT [dbo].[ChiTietHoaDon] ([maHD], [maPhong], [thoiLuong]) VALUES (N'HDAA039', N'P011', 40)
INSERT [dbo].[ChiTietHoaDon] ([maHD], [maPhong], [thoiLuong]) VALUES (N'HDAA040', N'P012', 70)
INSERT [dbo].[ChiTietHoaDon] ([maHD], [maPhong], [thoiLuong]) VALUES (N'HDAA041', N'P012', 70)
INSERT [dbo].[ChiTietHoaDon] ([maHD], [maPhong], [thoiLuong]) VALUES (N'HDAA042', N'P012', 70)
INSERT [dbo].[ChiTietHoaDon] ([maHD], [maPhong], [thoiLuong]) VALUES (N'HDAA043', N'P012', 60)
INSERT [dbo].[ChiTietHoaDon] ([maHD], [maPhong], [thoiLuong]) VALUES (N'HDAA044', N'P013', 60)
INSERT [dbo].[ChiTietHoaDon] ([maHD], [maPhong], [thoiLuong]) VALUES (N'HDAA045', N'P013', 60)
INSERT [dbo].[ChiTietHoaDon] ([maHD], [maPhong], [thoiLuong]) VALUES (N'HDAA046', N'P013', 60)
INSERT [dbo].[ChiTietHoaDon] ([maHD], [maPhong], [thoiLuong]) VALUES (N'HDAA047', N'P014', 60)
INSERT [dbo].[ChiTietHoaDon] ([maHD], [maPhong], [thoiLuong]) VALUES (N'HDAA048', N'P014', 60)
INSERT [dbo].[ChiTietHoaDon] ([maHD], [maPhong], [thoiLuong]) VALUES (N'HDAA049', N'P015', 60)
INSERT [dbo].[ChiTietHoaDon] ([maHD], [maPhong], [thoiLuong]) VALUES (N'HDAA050', N'P015', 60)

SELECT * FROM [dbo].[ChiTietHoaDon]
go


go
INSERT [dbo].[ChiTietDichVu] ([maDV], [maHD], [soLuong]) VALUES (N'DV001', N'HDAA001', 10)
INSERT [dbo].[ChiTietDichVu] ([maDV], [maHD], [soLuong]) VALUES (N'DV001', N'HDAA002', 10)
INSERT [dbo].[ChiTietDichVu] ([maDV], [maHD], [soLuong]) VALUES (N'DV001', N'HDAA003', 10)
INSERT [dbo].[ChiTietDichVu] ([maDV], [maHD], [soLuong]) VALUES (N'DV001', N'HDAA004', 2)
INSERT [dbo].[ChiTietDichVu] ([maDV], [maHD], [soLuong]) VALUES (N'DV002', N'HDAA005', 2)
INSERT [dbo].[ChiTietDichVu] ([maDV], [maHD], [soLuong]) VALUES (N'DV002', N'HDAA006', 2)
INSERT [dbo].[ChiTietDichVu] ([maDV], [maHD], [soLuong]) VALUES (N'DV002', N'HDAA007', 2)
INSERT [dbo].[ChiTietDichVu] ([maDV], [maHD], [soLuong]) VALUES (N'DV002', N'HDAA008', 11)
INSERT [dbo].[ChiTietDichVu] ([maDV], [maHD], [soLuong]) VALUES (N'DV002', N'HDAA009', 11)
INSERT [dbo].[ChiTietDichVu] ([maDV], [maHD], [soLuong]) VALUES (N'DV001', N'HDAA010', 11)
INSERT [dbo].[ChiTietDichVu] ([maDV], [maHD], [soLuong]) VALUES (N'DV003', N'HDAA011', 11)
INSERT [dbo].[ChiTietDichVu] ([maDV], [maHD], [soLuong]) VALUES (N'DV003', N'HDAA012', 3)
INSERT [dbo].[ChiTietDichVu] ([maDV], [maHD], [soLuong]) VALUES (N'DV003', N'HDAA013', 3)
INSERT [dbo].[ChiTietDichVu] ([maDV], [maHD], [soLuong]) VALUES (N'DV004', N'HDAA014', 3)
INSERT [dbo].[ChiTietDichVu] ([maDV], [maHD], [soLuong]) VALUES (N'DV004', N'HDAA015', 3)
INSERT [dbo].[ChiTietDichVu] ([maDV], [maHD], [soLuong]) VALUES (N'DV004', N'HDAA016', 4)
INSERT [dbo].[ChiTietDichVu] ([maDV], [maHD], [soLuong]) VALUES (N'DV005', N'HDAA017', 4)
INSERT [dbo].[ChiTietDichVu] ([maDV], [maHD], [soLuong]) VALUES (N'DV005', N'HDAA018', 4)
INSERT [dbo].[ChiTietDichVu] ([maDV], [maHD], [soLuong]) VALUES (N'DV006', N'HDAA019', 4)
INSERT [dbo].[ChiTietDichVu] ([maDV], [maHD], [soLuong]) VALUES (N'DV006', N'HDAA029', 6)
INSERT [dbo].[ChiTietDichVu] ([maDV], [maHD], [soLuong]) VALUES (N'DV006', N'HDAA021', 6)
INSERT [dbo].[ChiTietDichVu] ([maDV], [maHD], [soLuong]) VALUES (N'DV007', N'HDAA022', 6)
INSERT [dbo].[ChiTietDichVu] ([maDV], [maHD], [soLuong]) VALUES (N'DV007', N'HDAA023', 6)
INSERT [dbo].[ChiTietDichVu] ([maDV], [maHD], [soLuong]) VALUES (N'DV007', N'HDAA024', 3)
INSERT [dbo].[ChiTietDichVu] ([maDV], [maHD], [soLuong]) VALUES (N'DV007', N'HDAA025', 3)
INSERT [dbo].[ChiTietDichVu] ([maDV], [maHD], [soLuong]) VALUES (N'DV008', N'HDAA026', 3)
INSERT [dbo].[ChiTietDichVu] ([maDV], [maHD], [soLuong]) VALUES (N'DV008', N'HDAA027', 3)
INSERT [dbo].[ChiTietDichVu] ([maDV], [maHD], [soLuong]) VALUES (N'DV008', N'HDAA028', 2)
INSERT [dbo].[ChiTietDichVu] ([maDV], [maHD], [soLuong]) VALUES (N'DV009', N'HDAA029', 2)
INSERT [dbo].[ChiTietDichVu] ([maDV], [maHD], [soLuong]) VALUES (N'DV009', N'HDAA030', 2)
INSERT [dbo].[ChiTietDichVu] ([maDV], [maHD], [soLuong]) VALUES (N'DV009', N'HDAA031', 2)
INSERT [dbo].[ChiTietDichVu] ([maDV], [maHD], [soLuong]) VALUES (N'DV009', N'HDAA032', 4)
INSERT [dbo].[ChiTietDichVu] ([maDV], [maHD], [soLuong]) VALUES (N'DV010', N'HDAA033', 4)
INSERT [dbo].[ChiTietDichVu] ([maDV], [maHD], [soLuong]) VALUES (N'DV010', N'HDAA034', 4)
INSERT [dbo].[ChiTietDichVu] ([maDV], [maHD], [soLuong]) VALUES (N'DV010', N'HDAA035', 4)
INSERT [dbo].[ChiTietDichVu] ([maDV], [maHD], [soLuong]) VALUES (N'DV011', N'HDAA036', 1)
INSERT [dbo].[ChiTietDichVu] ([maDV], [maHD], [soLuong]) VALUES (N'DV011', N'HDAA037', 1)
INSERT [dbo].[ChiTietDichVu] ([maDV], [maHD], [soLuong]) VALUES (N'DV011', N'HDAA038', 1)
INSERT [dbo].[ChiTietDichVu] ([maDV], [maHD], [soLuong]) VALUES (N'DV012', N'HDAA039', 1)
INSERT [dbo].[ChiTietDichVu] ([maDV], [maHD], [soLuong]) VALUES (N'DV012', N'HDAA040', 2)
INSERT [dbo].[ChiTietDichVu] ([maDV], [maHD], [soLuong]) VALUES (N'DV012', N'HDAA041', 2)
INSERT [dbo].[ChiTietDichVu] ([maDV], [maHD], [soLuong]) VALUES (N'DV012', N'HDAA042', 2)
INSERT [dbo].[ChiTietDichVu] ([maDV], [maHD], [soLuong]) VALUES (N'DV013', N'HDAA043', 2)
INSERT [dbo].[ChiTietDichVu] ([maDV], [maHD], [soLuong]) VALUES (N'DV013', N'HDAA044', 1)
INSERT [dbo].[ChiTietDichVu] ([maDV], [maHD], [soLuong]) VALUES (N'DV013', N'HDAA045', 1)
INSERT [dbo].[ChiTietDichVu] ([maDV], [maHD], [soLuong]) VALUES (N'DV014', N'HDAA046', 1)
INSERT [dbo].[ChiTietDichVu] ([maDV], [maHD], [soLuong]) VALUES (N'DV014', N'HDAA047', 1)
INSERT [dbo].[ChiTietDichVu] ([maDV], [maHD], [soLuong]) VALUES (N'DV004', N'HDAA048', 10)
INSERT [dbo].[ChiTietDichVu] ([maDV], [maHD], [soLuong]) VALUES (N'DV004', N'HDAA049', 10)
INSERT [dbo].[ChiTietDichVu] ([maDV], [maHD], [soLuong]) VALUES (N'DV004', N'HDAA050', 10)

SELECT * FROM [dbo].[ChiTietDichVu]
go


use Karaoke4T
go
UPDATE TaiKhoan
SET tenNV = 'Karaoke4T'
WHERE maTK = 'TK001'
go
UPDATE TaiKhoan
SET tenNV = 'Ho Thien Thach'
WHERE maTK = 'TK003'
go
UPDATE TaiKhoan
SET tenNV = 'Phan Dai Duong'
WHERE maTK = 'TK004'
go
UPDATE NhanVien
SET tenNV = 'Karaoke4T'
WHERE maTK = 'TK001'
go
UPDATE NhanVien
SET tenNV = 'Ho Thien Thach'
WHERE maTK = 'TK003'
go
UPDATE NhanVien
SET tenNV = 'Phan Dai Duong'
WHERE maTK = 'TK004'